"소요산","경기도 동두천시 상봉암동 126","031-865-7788",,,,"양쪽","없음","바깥","오른쪽","연결안됨","없음",,,"NULL","101:동두천",,,,,"37.9474677263227","127.060758246326",,
"동두천","경기도 동두천시 동두천동 245","031-862-7788",,,,"양쪽","없음","바깥","왼쪽","연결됨","없음",,,"100:소요산","102:보산",,,,,"37.9277948245039","127.054592798416",,
"보산","경기도 동두천시 보산동 422","031-866-4987",,,,"양쪽","없음","바깥","왼쪽","연결됨","없음",,,"101:동두천","103:동두천중앙",,,,,"37.9142734015052","127.057153907815",,
"동두천중앙","경기도 동두천시 생연2동 688","031-865-2788",,,,"양쪽","없음","바깥","왼쪽","연결됨","없음",,,"102:보산","104:지행",,,,,"37.9015527263295","127.056201650034",,
"지행","경기도 동두천시 지행동","031-862-2788",,,,"양쪽","없음","바깥","왼쪽","연결됨","없음",,,"103:동두천중앙","105:덕정",,,,,"37.8924654061443","127.055544391222",,
"덕정","경기도 양주시 덕정동","031-858-2788",,,,"양쪽","없음","바깥","왼쪽","연결됨","없음",,,"104:지행","106:덕계",,,,,"37.8432194072812","127.06153464703",,
"덕계","경기도 양주시 덕계동 267-1","031-866-6792",,,,"양쪽","없음","바깥","왼쪽","연결됨","없음",,,"105:덕정","107:양주",,,,,"37.8187725299928","127.056698590209",,
"양주","경기도 양주시 남방동 1번지","031-843-2968",,,,"양쪽","없음","바깥","왼쪽","연결됨","없음",,,"106:덕계","108:녹양",,,,,"37.7739685930236","127.044803678417",,
"녹양","경기도 의정부시 녹양동","031-828-3380",,,,"양쪽","없음","바깥","왼쪽","연결됨","없음",,,"107:양주","110:가능",,,,,"37.7590820336735","127.042361908008",,
"가능","경기도 의정부시 가능동 205-23","031-842-7788",,,,"양쪽","없음","바깥","왼쪽","연결됨","없음",,,"108:녹양","111:의정부",,,,,"37.7486455673215","127.044255061777",,
"의정부","경기도 의정부시 의정부2동 168","031-872-7788",,,,"중앙","없음","바깥","왼쪽","연결됨","없음",,,"110:가능","112:회룡",,,,,"37.7383882220315","127.046020553663",,
"회룡","경기도 의정부시 호원동","031-872-7744",,,,"양쪽","없음","바깥","왼쪽","연결됨","없음",,,"111:의정부","113:망월사",,,,,"37.7240365784296","127.047338754155",,
"망월사","경기도 의정부시 호원동","031-873-7788",,,,"중앙","없음","안쪽","왼쪽","연결됨","없음",,,"112:회룡","114:도봉산",,,,,"37.7105034957304","127.047375686134",,
"도봉산","서울특별시 도봉구 도봉동 363번지","02-955-7345",,,,"양쪽","없음","바깥","왼쪽","연결됨","없음",,,"113:망월사","115:도봉",,,,,"37.6895981231397","127.046066757752",,
"도봉","서울특별시 도봉구 도봉2동 89-159","02-954-1348",,,,"양쪽","없음","안쪽","왼쪽","연결됨","없음",,,"114:도봉산","116:방학",,,,,"37.6794482747823","127.045539019658",,
"방학","서울특별시 도봉구 방학1동 738","02-3492-0197",,,,"양쪽","없음","안쪽","왼쪽","연결됨","없음",,,"115:도봉","117:창동",,,,,"37.6674816566557","127.044309203736",,
"녹천","서울특별시 도봉구 창5동 135-1","02-992-3388",,,,"복선(국철)","없음","안쪽","왼쪽","연결됨","없음",,,"116:방학","118:녹천",,,,,"37.6537217232052","127.047511210008",,
"창동","서울특별시 도봉구 창4동 38","02-905-0182",,,,"양쪽","없음","안쪽","왼쪽","연결됨","없음",,,"117:창동","119:월계",,,,,"37.6449397776315","127.051260625869",,
"월계","서울특별시 노원구 월계4동 261번지","02-906-2522",,,,"양쪽","없음","안쪽","왼쪽","연결됨","없음",,,"118:녹천","120:성북",,,,,"37.6331248523902","127.058854288563",,
"성북","서울특별시 노원구 월계동","02-917-7445",,,,"복선(국철)","없음","바깥","양쪽","연결됨","없음",,,"119:월계","121:석계",,,,,"37.6238395899797","127.061678671562",,
"석계","서울특별시 노원구 월계동","02-943-7788",,,,"중앙","없음","안쪽","오른쪽","연결됨","없음",,,"120:성북","122:신이문",,,,,"37.6153105380662","127.065568938094",,
"신이문","서울특별시 동대문구 이문동","02-960-1871",,,,"양쪽","없음","안쪽","왼쪽","연결됨","없음",,,"121:석계","123:외대앞",,,,,"37.6018450769249","127.067356617357",,
"외대앞","서울특별시 동대문구 이문동","02-966-6705",,,,"양쪽","없음","안쪽","양쪽","연결됨","없음",,,"122:신이문","124:회기",,,,,"37.5961658345381","127.063599838163",,
"회기","서울특별시 동대문구 휘경동 317-101","02-965-1467",,,,"중앙","없음","안쪽","오른쪽","연결됨","없음",,,"123:외대앞","125:청량리",,,,,"37.5898047153437","127.057961215082",,
"청량리(지하)","서울특별시 동대문구 전농2동 620-69","02-6110-1241",,,,"중앙","없음","바깥","오른쪽","연결됨","없음",,,"124:회기","126:제기동",,,,,"37.580021549205","127.044758678699",,
"제기동","서울특별시 동대문구 제기동 지하51번지","02-6110-1251",,,,"양쪽","없음","안쪽","왼쪽","연결됨","없음",,,"125:청량리","127:신설동",,,,,"37.5781664979798","127.034910079494",,
"신설동","서울특별시 동대문구 신설동 97-75","02-6110-1261",,,,"양쪽","없음","바깥","왼쪽","연결됨","없음",,,"126:제기동","199:동묘앞",,,,,"37.5760266684521","127.024499629795",,
"동대문","서울특별시 종로구 창신1동 552번지","02-6110-1281",,,,"양쪽","없음","바깥","왼쪽","연결됨","없음",,,"199:동묘앞","129:종로5가",,,,,"37.5716670335196","127.010575721763",,
"종로5가","서울특별시 종로구 종로5가 124-8","02-6110-1291",,,,"양쪽","없음","바깥","왼쪽","연결됨","없음",,,"128:동대문","130:종로3가",,,,,"37.5709562205733","127.00105343406",,
"종로3가","서울특별시 종로구 종로3가 61-68","02-6110-1301",,,,"양쪽","없음","바깥","왼쪽","연결됨","없음",,,"129:종로5가","131:종각",,,,,"37.5704304284713","126.992185414126",,
"종각","서울특별시 종로구 종로1가 44번지","02-6110-1311",,,,"양쪽","없음","바깥","왼쪽","연결됨","없음",,,"130:종로3가","132:시청",,,,,"37.5701816071087","126.983121322747",,
"시청","서울특별시 중구 태평로 1가 31번지","02-6110-1321",,,,"양쪽","없음","바깥","왼쪽","연결됨","없음",,,"131:종각","133:서울역",,,,,"37.5654536058645","126.977140936527",,
"서울역","서울특별시 중구 봉래동2가 122번지","02-6110-1331",,,,"중앙","없음","바깥","오른쪽","연결됨","없음",,,"132:시청","134:남영",,,,,"37.5559233725723","126.972268496959",,
"남영","서울특별시 용산구 갈월동 96-1","02-792-7788",,,,"중앙","없음","안쪽","오른쪽","연결됨","없음",,,"133:서울역","135:용산",,,,,"37.5407405807754","126.971209305049",,
"용산","서울특별시 용산구 한강로3가 40-11","02-3780-5408",,,,"복선(국철)","없음","바깥","왼쪽","연결됨","없음",,,"134:남영","136:노량진",,,,,"37.5299217612176","126.964297762198",,
"노량진","서울특별시 동작구 노량진1동 112번지","02-814-7788",,,,"복선(국철)","없음","바깥","양쪽","연결됨","없음",,,"135:용산","137:대방",,,,,"37.51413611033","126.942989604813",,
"대방","서울특별시 영등포구 신길7동 1336번지","02-812-0720",,,,"복선(국철)","없음","안쪽","왼쪽","연결됨","없음",,,"136:노량진","138:신길",,,,,"37.5134012531216","126.926428585434",,
"신길","서울특별시 영등포구 신길동 42-2","02-834-7787",,,,"복선(국철)","없음","안쪽","왼쪽","연결됨","없음",,,"137:대방","139:영등포",,,,,"37.5170255093131","126.917756948428",,
"영등포","서울특별시 영등포구 영등포1동 618번지","02-2639-3310",,,,"복선(국철)","없음","안쪽,바깥쪽","왼쪽","연결됨","없음",,,"138:신길","140:신도림",,,,,"37.5157681549534","126.907424739878",,
"신도림","서울특별시 구로구 신도림동 460-26","02-830-7788",,,,"복선(국철)","없음","안쪽","양쪽","연결됨","없음",,,"139:영등포","141:구로",,,,,"37.5090072107202","126.891597539507",,
"구로","서울특별시 구로구 구로5동 585-5","02-868-0336",,,,"복선(국철)","없음","안쪽","양쪽","연결됨","없음",,,"140:신도림","142:구일/172:가산디지털단지",,,,,"37.5029185441206","126.882277623136",,
"구일","서울특별시 구로구 구로1동 642-7","02-865-6190",,,,"중앙","없음","안쪽","양쪽","연결됨","없음",,,"141:구로","143:개봉",,,,,"37.4962836981478","126.86961998923",,
"개봉","서울특별시 구로구 개봉본동 415","02-2685-7788",,,,"양쪽","없음","바깥","양쪽","연결됨","없음",,,"142:구일","144:오류동",,,,,"37.4947083510949","126.858516019065",,
"오류동","서울특별시 구로구 오류1동 66번지","02-2616-5771",,,,"양쪽","없음","바깥","오른쪽","연결됨","없음",,,"143:개봉","145:온수",,,,,"37.4944107020065","126.844565772922",,
"온수","서울특별시 구로구 온수동 51-7","02-2681-7788",,,,"양쪽","없음","바깥","오른쪽","연결됨","없음",,,"144:오류동","146:역곡",,,,,"37.4922739852595","126.823418344559",,
"역곡","경기도 부천시 원미구 역곡동 230번지","032-343-3119",,,,"양쪽","없음","바깥","양쪽","연결됨","없음",,,"145:온수","147:소사",,,,,"37.4851360500579","126.811533303195",,
"소사","경기도 부천시 소사구 소사본2동 51번지","032-344-7788",,,,"양쪽","없음","바깥","오른쪽","연결됨","없음",,,"146:역곡","148:부천",,,,,"37.4827680757841","126.795673466256",,
"부천","경기도 부천시 소사구 심곡동 316-2","032-665-7775",,,,"양쪽","있음","바깥","양쪽","연결됨","없음",,,"147:소사","149:중동",,,,,"37.4840870433221","126.782807630207",,
"중동","경기도 부천시 소사구 송내동 632번지","032-666-7788",,,,"양쪽","없음","바깥","오른쪽","연결됨","없음",,,"148:부천","150:송내",,,,,"37.4866134060082","126.764889832834",,
"송내","경기도 부천시 소사구 송내동 632-4","032-662-7788",,,,"양쪽","없음","바깥","양쪽","연결됨","없음",,,"149:중동","151:부개",,,,,"37.4876335518122","126.753056775249",,
"부계","인천광역시 부평구 부개동 468번지","032-517-7788",,,,"양쪽","없음","바깥","오른쪽","연결됨","없음",,,"150:송내","152:부평",,,,,"37.4884610362851","126.741011795398",,
"부평","인천광역시 부평구 부평1동 738-21","032-528-1439",,,,"양쪽","없음","바깥","양쪽","연결됨","없음",,,"151:부개","153:백운",,,,,"37.4895075158095","126.724315396305",,
"백운","인천광역시 부평구 십정동 539번지","032-524-7788",,,,"양쪽","없음","바깥","오른쪽","연결됨","없음",,,"152:부평","154:동암",,,,,"37.4833116537259","126.707189165969",,
"동암","인천광역시 부평구 십정2동 474-1번지","032-421-7788",,,,"양쪽","없음","바깥","양쪽","연결됨","없음",,,"153:백운","155:간석",,,,,"37.4715156486263","126.702938008698",,
"간석","인천광역시 남동구 간석4동","032-427-7788",,,,"양쪽","없음","안쪽","오른쪽","연결됨","없음",,,"154:동암","156:주안",,,,,"37.4647077561358","126.693469790427",,
"주안","인천광역시 남구 주안동 125번지","032-865-7787",,,,"양쪽","있음","안쪽","양쪽","연결됨","없음",,,"155:간석","157:도화",,,,,"37.4650450231822","126.68002352295",,
"도화","인천광역시 남구 도화1동","032-863-1464",,,,"양쪽","없음","바깥","오른쪽","연결됨","없음",,,"156:주안","158:제물포",,,,,"37.4661172541368","126.66876841096",,
"제물포","인천광역시 남구 도화1동 649-9","032-883-7788",,,,"양쪽","없음","안쪽","오른쪽","연결됨","없음",,,"157:도화","159:도원",,,,,"37.4668242188833","126.657180390332",,
"도원","인천광역시 동구 창영동 179-1","032-773-7788",,,,"양쪽","없음","안쪽","오른쪽","연결됨","없음",,,"158:제물포","160:동인천",,,,,"37.4686037415573","126.642577155593",,
"동인천","인천광역시 중구 인현동 1-1","032-762-2737",,,,"양쪽","없음","없음","오른쪽","연결됨","없음",,,"159:도원","161:인천",,,,,"37.4754269212024","126.632618118297",,
"인천","인천광역시 중구 북성동1가 3번지","032-772-0784",,,,"중앙","없음","바깥","양쪽","연결됨","없음",,,"160:동인천","NULL",,,,,"37.4763800598757","126.616953832786",,
"가산디지털단지","서울특별시 금천구 가산동 468-4","02-853-3115",,,,"양쪽","없음","바깥","왼쪽","연결됨","없음",,,"141:구로","173:독산",,,,,"37.4814411755853","126.882653782574",,
"독산","서울특별시 금천구 가산동 717번지","02-862-7878",,,,"양쪽","없음","바깥","왼쪽","연결됨","없음",,,"172:가산디지털단지","174:금천구청",,,,,"37.4662045023331","126.889357709469",,
"금천구청","서울특별시 금천구 시흥1동 113-77","02-803-0019",,,,"양쪽","없음","바깥","오른쪽","연결됨","없음",,,"173:독산","175:석수/1175:광명",,,,,"37.456082500118","126.893824913963",,
"석수","경기도 안양시 만안구 석수동 422-3","031-472-7788",,,,"양쪽","없음","안쪽","오른쪽","연결됨","없음",,,"174:금천구청","176:관악",,,,,"37.4351663694984","126.902245626284",,
"관악","경기도 안양시 석수2동  244-1","031-471-7788",,,,"양쪽","없음","안쪽","오른쪽","연결됨","없음",,,"175:석수","177:안양",,,,,"37.4195099492009","126.908518006579",,
"안양","경기도 안양시 만안구 안양1동 88-1","031-448-7788",,,,"양쪽","없음","바깥","오른쪽","연결됨","없음",,,"176:관악","178:명학",,,,,"37.4019427271672","126.922665048336",,
"명학","경기도 안양시 만안구 안양6동 383-1","031-441-7788",,,,"양쪽","없음","안쪽","오른쪽","연결됨","없음",,,"177:안양","179:금정",,,,,"37.3848750267427","126.935443294888",,
"금정","경기도 군포시 금정동 87-1","031-393-7788",,,,"양쪽","없음","안쪽","왼쪽","연결됨","없음",,,"178:명학","180:군포",,,,,"37.3722698956059","126.94358087593",,
"군포","경기도 군포시 당동 134-1","031-452-7788",,,,"양쪽","없음","안쪽","양쪽","연결됨","없음",,,"179:금정","1181:당정",,,,,"37.3535625541543","126.948515780535",,
,"당정","경기도 군포시 당정동 938번지","031-457-0998",,,,"양쪽","있음","바깥","왼쪽","연결됨","없음",,,"180:군포","181:의왕",,,,,"37.3442803574642","126.94838547591",,
"의왕","경기도 의왕시 삼동 191번지","031-461-3263",,,,"양쪽","없음","바깥","양쪽","연결됨","없음",,,"1181:당정","182:성균관대",,,,,"37.3206608111124","126.948116268735",,
"성균관대","경기도 수원시 장안구 율전동495-3","031-293-7788",,,,"양쪽","없음","안쪽","양쪽","연결됨","없음",,,"181:의왕","183:화서",,,,,"37.3003688928852","126.970732073126",,
"화서","경기도 수원시장안구 화서2동464번지","031-242-7788",,,,"양쪽","없음","안쪽","왼쪽","연결됨","없음",,,"182:성균관대","184:수원",,,,,"37.2846419765182","126.98922639148",,
"수원","경기도 수원시 팔달구 매산로 1가 18번지","031-253-2724",,,,"중앙","없음","바깥","양쪽","연결됨","없음",,,"183:화서","185:세류",,,,,"37.2664047843508","126.99994389133",,
"세류","경기도 수원시 권선구 장지동 25-4","031-238-3089",,,,"기타","없음","없음","왼쪽","연결됨","없음",,,"184:수원","186:병점",,,,,"37.2439219715346","127.013856211528",,
"병점","경기도 화성시 진안동","031-234-7788",,,,"기타","없음","없음","왼쪽","연결됨","없음",,,"185:세류","187:세마/1187:서동탄",,,,,"37.2074676920962","127.03295240999",,
,"서동탄","경기도 오산시 외삼미동","031-376-7738",,,,"중앙","없음","바깥","왼쪽","연결됨","없음",,,"186:병점","NULL",,,,,"37.1955435712858","127.05161106387",,
"세마","경기도 오산시 세교동 225번지","031-377-7166",,,,"양쪽","없음","바깥","왼쪽","연결됨","없음",,,"186:병점","188:오산대",,,,,"37.1874927004954","127.043253231851",,
"오산대","경기도 오산시 수청동 540-2","031-375-9354",,,,"양쪽","없음","바깥","왼쪽","연결됨","없음",,,"187:세마","189:오산",,,,,"37.1694125757506","127.063084779442",,
"오산","경기도 오산시 오산동 603-1","031-374-7788",,,,"양쪽","없음","안쪽","왼쪽","연결됨","없음",,,"188:오산대","190:진위",,,,,"37.14548075225","127.066722832334",,
"진위","경기도 평택시 진위면","031-667-7652",,,,"양쪽","없음","바깥","왼쪽","연결됨","없음",,,"189:오산","1401:송탄",,,,,"37.1097802801024","127.062356141204",,
,"송탄","경기도 평택시 신장2동 285","031-666-7788",,,,"양쪽","없음","바깥","왼쪽","연결됨","없음",,,"190:진위","1402:서정리",,,,,"37.0755376909747","127.054387628073",,
,"서정리","경기도 평택시 서정동","031-662-7788",,,,"양쪽","없음","안쪽","왼쪽","연결됨","없음",,,"1401:송탄","1403:지제",,,,,"37.0564666967691","127.05284753005",,
,"지제","경기도 평택시 지제동 560번지","031-691-7651",,,,"양쪽","없음","바깥","왼쪽","연결됨","없음",,,"1402:서정리","1404:평택",,,,,"37.0191350861262","127.070223503632",,
,"평택","경기도 평택시 평택동","031-652-0245",,,,"양쪽","있음","안쪽","양쪽","연결됨","있음",,,"1403:지제","1405:성환",,,,,"36.9905620547431","127.085567922427",,
,"성환","충청남도 천안시 성환읍 성환리","041-581-7788",,,,"양쪽","없음","안쪽","왼쪽","연결됨","없음",,,"1404:평택","1406:직산",,,,,"36.9158713626246","127.1270069809",,
,"직산","충청남도 천안시 직산읍 모시리","041-583-7788",,,,"양쪽","없음","안쪽","오른쪽","연결됨","없음",,,"1405:성환","1407:두정",,,,,"36.8709265517604","127.143781392707",,
,"두정","충청남도 천안시 부성동","041-562-7791",,,,"양쪽","없음","안쪽","왼쪽","연결됨","없음",,,"1406:직산","1408:천안",,,,,"36.8336019133732","127.149006309908",,
,"천안","충청남도 천안시 대흥동","041-562-7034",,,,"양쪽","있음","안쪽","양쪽","연결됨","있음",,,"1407:두정","1409:봉명",,,,,"36.8099761886044","127.146880266599",,
,"봉명","충청남도 천안시 봉명동","041-579-9786",,,,"양쪽","없음","바깥","왼쪽","연결됨","없음",,,"1408:천안","1410:쌍용",,,,,"36.8015367537009","127.136249485529",,
,"쌍용","충청남도 천안시 서북구 쌍용동 426-3","041-572-6778",,,,"양쪽","없음","바깥","왼쪽","연결됨","없음",,,"1409:봉명","1411:아산",,,,,"36.7937499757017","127.121366942857",,
,"아산","충청남도 아산시 배방면 장재리 305번지","041-532-6610",,,,"양쪽","있음","바깥","오른쪽","연결됨","없음",,,"1410:쌍용","1413:배방",,,,,"36.7922046587005","127.105048074782",,
,"배방","충청남도 아산시 배방면 구령리 148-2","041-548-7788",,,,"양쪽","없음","바깥","왼쪽","연결됨","없음",,,"1411:아산","1415:온양온천",,,,,"36.778379921213","127.054762900474",,
,"온양온천","충청남도 아산시 온천2동 69-10번지","041-545-7788",,,,"양쪽","있음","바깥","왼쪽","연결됨","없음",,,"1413:배방","1416:신창",,,,,"36.7806078539061","127.003056335255",,
,"신창","충청남도 아산시 신창면 행목리","041-543-7788",,,,"양쪽","있음","바깥","왼쪽","연결됨","없음",,,"1415:온양온천","NULL",,,,,"36.7697589363933","126.951737710231",,
,"광명","경기도 광명시 일직동 267-2","02-899-9270",,,,"양쪽","있음","바깥","왼쪽","연결됨","있음",,,"174:금천구청","NULL",,,,,"37.4164487654986","126.884613002264",,
"동묘앞","서울특별시 종로구 숭인동","02-6110-1271",,,,"양쪽","없음","바깥","왼쪽","연결됨","없음",,,"127:신설동","128:동대문",,,,,"37.5732109661154","127.016351486863",,
"을지로입구","서울특별시 중구 을지로1가 89-1번지","02-6110-2021",,,,"양쪽","있음","바깥","오른쪽","연결안됨","없음",,,"201:시청","203:을지로3가",,,,,"37.5660475256956","126.982271886652",,
"을지로3가","서울특별시 중구 을지로3가 70-1번지","02-6110-2031",,,,"양쪽","없음","바깥","오른쪽","연결안됨","없음",,,"202:을지로입구","204:을지로4가",,,,,"37.5662931210918","126.99095065207",,
"을지로4가","서울특별시 중구 을지로4가 261번지","02-6110-2041",,,,"양쪽","있음","바깥","오른쪽","연결됨","없음",,,"203:을지로3가","205:동대문역사문화공원",,,,,"37.5666203092501","126.99763613766",,
"동대문역사문화공원","서울특별시 중구 을지로7가 지하 1번지","02-6110-2051",,,,"중앙","없음","안쪽","오른쪽","연결됨","없음",,,"204:을지로4가","206:신당",,,,,"37.5656795541533","127.008956888836",,
"신당","서울특별시 중구 신당5동 106-1","02-6110-2061",,,,"중앙","없음","안쪽","오른쪽","연결됨","없음",,,"205:동대문역사문화공원","207:상왕십리",,,,,"37.5656772292873","127.019484046476",,
"상왕십리","서울특별시 성동구 하왕2동 946-14","02-6110-2071",,,,"양쪽","없음","바깥","오른쪽","연결됨","없음",,,"206:신당","208:왕십리",,,,,"37.5645114584916","127.028894343686",,
"왕십리","서울특별시 성동구 행당1동 246","02-6110-2081",,,,"양쪽","있음","바깥","오른쪽","연결됨","있음",,,"207:상왕십리","209:한양대",,,,,"37.5612650980816","127.037391596044",,
"한양대","서울특별시 성동구 행당동 산17번지","02-6110-2091",,,,"양쪽","있음","바깥","오른쪽","연결안됨","없음",,,"208:왕십리","210:뚝섬",,,,,"37.5557384310567","127.043653543235",,
"뚝섬","서울특별시 성동구 성수1가 656-745","02-6110-2101",,,,"중앙","있음","안쪽","오른쪽","연결됨","없음",,,"209:한양대","211:성수",,,,,"37.5472441615122","127.047326689829",,
"성수","서울특별시 성동구 성수2가 300-1","02-6110-2111",,,,"양쪽","있음","바깥","양쪽","연결됨","없음",,,"210:뚝섬","212:건대입구/251:용답",,,,,"37.5445744870186","127.055994975914",,
"건대입구","서울특별시 광진구 화양동 7-3","02-6110-2121",,,,"양쪽","있음","안쪽","오른쪽","연결됨","없음",,,"211:성수","213:구의",,,,,"37.5404085945813","127.069252859629",,
"구의","서울특별시 광진구 구의동 245-24","02-6110-2131",,,,"양쪽","있음","안쪽","오른쪽","연결됨","없음",,,"212:건대입구","214:강변",,,,,"37.5371524340288","127.086152967823",,
"강변","서울특별시 광진구 구의3동 546-6번지","02-6110-2141",,,,"양쪽","없음","바깥","오른쪽","연결됨","없음",,,"213:구의","215:성내",,,,,"37.5351546468826","127.094686144878",,
"성내","서울특별시 송파구 신천동 1번지","02-6110-2151",,,,"양쪽","있음","바깥","오른쪽","연결됨","없음",,,"214:강변","216:잠실",,,,,"37.5203222338853","127.104017091692",,
"잠실","서울특별시 송파구 잠실5동 27","02-6110-2161",,,,"양쪽","없음","바깥","오른쪽","연결됨","없음",,,"215:성내","217:신천",,,,,"37.5133647115179","127.100276805244",,
"신천","서울특별시 송파구 잠실동 5번지","02-6110-2171",,,,"양쪽","있음","바깥","오른쪽","연결됨","없음",,,"216:잠실","218:종합운동장",,,,,"37.5115928548231","127.086588645346",,
"종합운동장","서울특별시 송파구 잠실1동 1-236","02-6110-2181",,,,"양쪽","있음","바깥","오른쪽","연결됨","없음",,,"217:신천","219:삼성",,,,,"37.511060835988","127.073790735991",,
"삼성(무역센터)","서울특별시 강남구 삼성동 172-82","02-6110-2191",,,,"중앙","없음","바깥","왼쪽","연결됨","없음",,,"218:종합운동장","220:선릉",,,,,"37.5088315591493","127.063027598265",,
"선릉","서울특별시 강남구 삼성2동 143-42","02-6110-2201",,,,"양쪽","있음","바깥","오른쪽","연결안됨","없음",,,"219:삼성","221:역삼",,,,,"37.5044842963082","127.048955312773",,
"역삼","서울특별시 강남구 역삼1동 737","02-6110-2211",,,,"양쪽","있음","안쪽","오른쪽","연결됨","없음",,,"220:선릉","222:강남",,,,,"37.5006433501894","127.036404968592",,
"강남","서울특별시 강남구 역삼동 821-1","02-6110-2221",,,,"양쪽","없음","바깥","오른쪽","연결됨","없음",,,"221:역삼","223:교대",,,,,"37.4979862551912","127.027719610364",,
"교대","서울특별시 서초구 서초1동 1715-9","02-6110-2231",,,,"양쪽","있음","바깥","오른쪽","연결됨","없음",,,"222:강남","224:서초",,,,,"37.4938466737854","127.014202828141",,
"서초","서울특별시 서초구 서초3동 1500번지","02-6110-2241",,,,"양쪽","있음","안쪽","오른쪽","연결됨","없음",,,"223:교대","225:방배",,,,,"37.4919478235089","127.008019466871",,
"방배","서울특별시 서초구 방배동 225번지","02-6110-2251",,,,"양쪽","있음","바깥","오른쪽","연결됨","없음",,,"224:서초","226:사당",,,,,"37.4814883472861","126.997540518995",,
"사당","서울특별시 동작구 사당1동 1112","02-6110-2261",,,,"양쪽","있음","바깥","오른쪽","연결안됨","없음",,,"225:방배","227:낙성대",,,,,"37.4766164751067","126.980996970209",,
"낙성대","서울특별시 관악구 봉천6동 1693-38","02-6110-2271",,,,"양쪽","있음","안쪽","오른쪽","연결됨","없음",,,"226:사당","228:서울대입구",,,,,"37.4771216537307","126.963431779991",,
"서울대입구","서울특별시 관악구 봉천6동 979-1","02-6110-2281",,,,"중앙","있음","바깥","왼쪽","연결됨","없음",,,"227:낙성대","229:봉천",,,,,"37.481217251196","126.952724383281",,
"봉천","서울특별시 관악구 봉천8동 930-45","02-6110-2291",,,,"중앙","없음","안쪽","왼쪽","연결됨","없음",,,"228:서울대입구","230:신림",,,,,"37.4826894268996","126.94096730592",,
"신림","서울특별시 관악구 신림본동  1640-1","02-6110-2301",,,,"중앙","있음","안쪽","왼쪽","연결됨","없음",,,"229:봉천","231:신대방",,,,,"37.4842525649567","126.9294346237",,
"신대방","서울특별시 동작구 신대방 1동 643-1","02-6110-2311",,,,"양쪽","있음","바깥","오른쪽","연결됨","없음",,,"230:신림","232:구로디지털단지",,,,,"37.4875294059088","126.913297207862",,
"구로디지털단지","서울특별시 구로구 구로3동 124번지","02-6110-2321",,,,"양쪽","없음","안쪽","오른쪽","연결됨","없음",,,"231:신대방","233:대림",,,,,"37.4852578433297","126.901491387809",,
"대림","서울특별시 구로구 구로6동 125-66","02-6110-2331",,,,"양쪽","있음","안쪽","오른쪽","연결됨","없음",,,"232:구로디지털단지","234:신도림",,,,,"37.4933782035419","126.894926788791",,
"문래","서울특별시 영등포구 문래동3가 54번지","02-6110-2351",,,,"양쪽","있음","바깥","오른쪽","연결됨","없음",,,"234:신도림","236:영등포구청",,,,,"37.5180027900396","126.894824369817",,
"영등포구청","서울특별시 영등포구 당산동3가 385번지","02-6110-2361",,,,"양쪽","있음","안쪽","오른쪽","연결됨","없음",,,"235:문래","237:당산",,,,,"37.5257868733436","126.896655579268",,
"당산","서울특별시 영등포구 당산동5가 323-1","02-6110-2371",,,,"양쪽","없음","안쪽","오른쪽","연결됨","없음",,,"236:영등포구청","238:합정",,,,,"37.5348623322799","126.902677255766",,
"합정","서울특별시 마포구 서교동 393번지","02-6110-2381",,,,"양쪽","있음","바깥","오른쪽","환승역연결","없음",,,"237:당산","239:홍대입구",,,,,"37.5499381433458","126.914543110971",,
"홍대입구","서울특별시 마포구 동교동 165번지","02-6110-2391",,,,"중앙","있음","안쪽","왼쪽","연결됨","없음",,,"238:합정","240:신촌",,,,,"37.5568435681663","126.923791797387",,
"신촌","서울특별시 마포구 노고산동 31-11","02-6110-2401",,,,"양쪽","있음","바깥","오른쪽","연결안됨","없음",,,"239:홍대입구","241:이대",,,,,"37.5552902398991","126.936342959767",,
"이대","서울특별시 마포구 대흥동 2번지","02-6110-2411",,,,"중앙","없음","바깥","왼쪽","연결됨","없음",,,"240:신촌","242:아현",,,,,"37.5568031882455","126.946315347781",,
"아현","서울특별시 마포구 아현2동 329번지","02-6110-2421",,,,"양쪽","없음","안쪽","오른쪽","연결됨","없음",,,"241:이대","243:충정로",,,,,"37.5573945521355","126.956097257283",,
"충정로","서울특별시 충정로3가 295-60","02-6110-2431",,,,"중앙","있음","바깥","왼쪽","연결됨","없음",,,"242:아현","201:시청",,,,,"37.5597472653117","126.964406243474",,
"용답","서울특별시 성동구용답동 127번지","02-6110-1341",,,,"중앙","없음","바깥","오른쪽","연결됨","없음",,,"211:성수","252:신답",,,,,"37.5621758341425","127.050849489814",,
"신답","서울특별시 성동구 용답동 128번지","02-6110-1351",,,,"양쪽","없음","안쪽","오른쪽","연결됨","없음",,,"251:용답","254:용두",,,,,"37.570697006033","127.04603228164",,
"용두","서울특별시 동대문구 용두동 47-1","02-6110-1361",,,,"양쪽","없음","안쪽","오른쪽","연결됨","없음",,,"252:신답","253:신설동",,,,,"37.5739265236953","127.038711893592",,
"도림천","서울특별시 구로구 신도림동 271-62","02-6110-2441",,,,"양쪽","없음","바깥","오른쪽","연결됨","없음",,,"234:신도림","262:양천구청",,,,,"37.5144647309","126.882682544771",,
"양천구청","서울특별시 양천구 신정7동 165-1","02-6110-2451",,,,"양쪽","있음","안쪽","오른쪽","연결됨","있음",,,"261:도림천","263:신정네거리",,,,,"37.5127445284829","126.866668654495",,
"신정네거리","서울특별시 양천구 신정3동 1231","02-6110-2461",,,,"양쪽","없음","바깥","오른쪽","연결됨","없음",,,"262:양천구청","264:까치산",,,,,"37.5202336979096","126.852810866008",,
"까치산","서울특별시 강서구 화곡1동 343","02-6311-5181",,,,"중앙","없음","바깥","오른쪽","연결됨","없음",,,"263:신정네거리","NULL",,,,,"37.5314304153837","126.846925942901",,
"대화","경기도 고양시 일산구 대화동 산2221","031-917-7799",,,,"중앙","없음","바깥","양쪽","연결됨","없음",,,"NULL","311:주엽",,,,,"37.6761578457593","126.747440429967",,
"주엽","경기도 고양시 일산구 주엽동","031-916-7799",,,,"양쪽","없음","바깥","오른쪽","연결됨","없음",,,"310:대화","312:정발산",,,,,"37.6701497316818","126.76125677326",,
"정발산","경기도 고양시 일산구 마두1동 1123","031-904-7799",,,,"양쪽","없음","바깥","오른쪽","연결됨","없음",,,"311:주엽","313:마두",,,,,"37.6595004375561","126.77340171573",,
"마두","경기도 고양시 일산구 마두동 765-1","031-904-7788",,,,"중앙","없음","바깥","오른쪽","연결됨","없음",,,"312:정발산","314:백석",,,,,"37.6521923126641","126.777658126218",,
"백석","경기도 고양시 일산구 백석동 629-1","031-902-7788",,,,"중앙","없음","바깥","왼쪽","연결됨","없음",,,"313:마두","315:대곡",,,,,"37.6429837640523","126.78813140467",,
"대곡","경기도 고양시 덕양구 대장동 426-2","031-965-8516",,,,"양쪽","없음","바깥","오른쪽","연결됨","없음",,,"314:백석","316:화정",,,,,"37.6316385474157","126.811042007571",,
"화정","경기도 고양시 덕양구 화정동 400-2","031-974-4971",,,,"양쪽","없음","바깥","오른쪽","연결됨","없음",,,"315:대곡","317:원당",,,,,"37.6346023698171","126.832668661091",,
"원당","경기도 고양시 덕양구 성사1동 410-7","031-965-8747",,,,"양쪽","없음","바깥","오른쪽","연결됨","없음",,,"316:화정","318:삼송",,,,,"37.6533373876572","126.843028430203",,
"삼송","경기도 고양시 덕양구 삼송동 20-14","02-371-0087",,,,"양쪽","없음","바깥","오른쪽","연결안됨","없음",,,"317:원당","319:지축",,,,,"37.6531632642705","126.895421858064",,
"지축","경기도 고양시 덕양구 지축동 695-8","02-6110-3191",,,,"중앙","없음","없음","왼쪽","연결됨","없음",,,"318:삼송","320:구파발",,,,,"37.648125454189","126.913763397766",,
"구파발","서울특별시 은평구 진관동 533","02-6110-3201",,,,"중앙","있음","안쪽","왼쪽","연결됨","없음",,,"319:지축","321:연신내",,,,,"37.6365939241072","126.91884837738",,
"연신내","서울특별시 은평구 갈현동 439","02-6110-3211",,,,"중앙","없음","안쪽","왼쪽","연결됨","없음",,,"320:구파발","322:불광",,,,,"37.6190543600478","126.921197686289",,
"불광","서울특별시 은평구 불광1동 281","02-6110-3221",,,,"양쪽","없음","안쪽","오른쪽","연결됨","없음",,,"321:연신내","323:녹번",,,,,"37.6100812246591","126.930240822886",,
"녹번","서울특별시 은평구 녹번동 48번지","02-6110-3231",,,,"중앙","없음","바깥","왼쪽","연결됨","있음",,,"322:불광","324:홍제",,,,,"37.6008775867368","126.935774361353",,
"홍제","서울특별시 서대문구 홍제동 330-66","02-6110-3241",,,,"양쪽","없음","안쪽","왼쪽","연결됨","없음",,,"323:녹번","325:무악재",,,,,"37.5887974006337","126.944109999677",,
"무악재","서울특별시 서대문구 홍제4동 26-1","02-6110-3251",,,,"양쪽","있음","안쪽","오른쪽","연결됨","없음",,,"324:홍제","326:독립문",,,,,"37.582670414584","126.950185771342",,
"독립문","서울특별시 서대문구 현저동 101번지","02-6110-3261",,,,"양쪽","없음","안쪽","왼쪽","연결됨","없음",,,"325:무악재","327:경복궁",,,,,"37.5744673232482","126.957919668418",,
"경복궁","서울특별시 종로구 적선동 81-1","02-6110-3271",,,,"중앙","있음","안쪽","왼쪽","연결됨","없음",,,"326:독립문","328:안국",,,,,"37.5758397564626","126.973693343407",,
"안국","서울특별시 종로구 안국동 148번지","02-6110-3281",,,,"중앙","있음","바깥","왼쪽","연결됨","없음",,,"327:경복궁","329:종로3가",,,,,"37.576563321764","126.985491341649",,
"충무로","서울특별시 중구 충무로4가 125번지","02-6110-4231",,,,"중앙","없음","안쪽","왼쪽","연결됨","없음",,,"330:을지로3가","332:동대입구",,,,,"37.5616129826131","126.99368494137",,
"동대입구","서울특별시 중구 장충동2가 189-2","02-6110-3321",,,,"중앙","있음","안쪽","왼쪽","연결됨","없음",,,"331:충무로","333:약수",,,,,"37.5590505154144","127.004981241609",,
"약수","서울특별시 중구 신당3동 373-13","02-6110-3331",,,,"중앙","없음","안쪽","왼쪽","연결됨","없음",,,"332:동대입구","334:금호",,,,,"37.5544598361116","127.010904813117",,
"금호","서울특별시 성동구 금호4가 1470번","02-6110-3341",,,,"중앙","없음","안쪽","왼쪽","연결됨","없음",,,"333:약수","335:옥수",,,,,"37.5482387598277","127.015841839482",,
"옥수","서울특별시 성동구 옥수동 168-1","02-6110-3351",,,,"양쪽","있음","없음","오른쪽","연결됨","없음",,,"334:금호","336:압구정",,,,,"37.5416735923976","127.017342506549",,
"압구정","서울특별시 강남구 압구정동 668번지","02-6110-3361",,,,"양쪽","있음","안쪽","오른쪽","연결됨","없음",,,"335:옥수","337:신사",,,,,"37.5261415548385","127.028497486381",,
"신사","서울특별시 강남구 신사동 501","02-6110-3371",,,,"양쪽","있음","바깥","오른쪽","연결됨","없음",,,"336:압구정","338:잠원",,,,,"37.5165612303715","127.020589950116",,
"잠원","서울특별시 서초구 잠원동 65-17","02-6110-3381",,,,"양쪽","있음","안쪽","오른쪽","연결됨","없음",,,"337:신사","339:고속터미널",,,,,"37.5129726173122","127.011632806951",,
"고속터미널","서울특별시 서초구 반포1동 162번지","02-6110-3391",,,,"양쪽","없음","없음","오른쪽","연결됨","없음",,,"338:잠원","340:교대",,,,,"37.5047629582836","127.005056522696",,
"남부터미널","서울특별시 서초구 서초3동 1446-1","02-6110-3411",,,,"양쪽","있음","안쪽","오른쪽","연결됨","없음",,,"340:교대","342:양재",,,,,"37.4850421114043","127.016217996547",,
"양재","서울특별시 서초구 양재1동 산 27-2번지","02-6110-3421",,,,"양쪽","없음","없음","오른쪽","연결됨","없음",,,"341:남부터미널","343:매봉",,,,,"37.484548510318","127.033954221453",,
"매봉","서울특별시 강남구 도곡2동 464-1","02-6110-3431",,,,"양쪽","있음","안쪽","오른쪽","연결됨","없음",,,"342:양재","344:도곡",,,,,"37.4870416096938","127.046937251556",,
"도곡","서울특별시 강남구 도곡2동 467-5","02-6110-3441",,,,"양쪽","있음","바깥","오른쪽","연결됨","없음",,,"343:매봉","345:대치",,,,,"37.4912144341532","127.056044011685",,
"대치","서울특별시 강남구 대치2동 509번지","02-6110-3451",,,,"중앙","없음","안쪽","왼쪽","연결됨","없음",,,"344:도곡","346:학여울",,,,,"37.4945802993432","127.063465511665",,
"학여울","서울특별시 강남구 대치동 514번지","02-6110-3461",,,,"양쪽","있음","바깥","오른쪽","연결됨","없음",,,"345:대치","347:대청",,,,,"37.4966906910478","127.070563937009",,
"대청","서울특별시 강남구 개포동 18-10","02-6110-3471",,,,"양쪽","있음","안쪽","오른쪽","연결안됨","없음",,,"346:학여울","348:일원",,,,,"37.4936072146773","127.079547238836",,
"일원","서울특별시 강남구 일원본동 214번지","02-6110-3481",,,,"양쪽","있음","바깥","오른쪽","연결안됨","없음",,,"347:대청","349:수서",,,,,"37.4835998492118","127.084633679239",,
"수서","서울특별시 강남구 수서동 439-2","02-6110-3491",,,,"양쪽","있음","안쪽","오른쪽","연결됨","없음",,,"348:일원","350:가락시장",,,,,"37.4874733598324","127.102136108285",,
"경찰병원","서울시 송파구 가락본동 58번지","02-6110-3511",,,,"양쪽","없음","안쪽,바깥쪽","오른쪽","연결됨","없음",,,"350:가락시장","352:오금",,,,,"37.4957394663884","127.124225578876",,
"당고개","서울특별시 노원구 상계4동 111번지","02-6110-4091",,,,"양쪽","없음","바깥","오른쪽","연결됨","없음",,,"NULL","410:상계",,,,,"37.6702713375355","127.079027830137",,
"상계","서울특별시 노원구 상계5동 173번지","02-6110-4101",,,,"양쪽","없음","안쪽","오른쪽","연결됨","없음",,,"409:당고개","411:노원",,,,,"37.6605758417495","127.073219790714",,
"노원","서울특별시 노원구 상계2동 335번지","02-6110-4111",,,,"양쪽","없음","안쪽","오른쪽","연결됨","없음",,,"410:상계","412:창동",,,,,"37.6563534647922","127.063378234552",,
"쌍문","서울특별시 도봉구 창1동 659-12","02-6110-4131",,,,"양쪽","있음","안쪽","오른쪽","연결됨","없음",,,"412:창동","414:수유",,,,,"37.6486079222468","127.034691839579",,
"수유","서울특별시 강북구 수유3동 140번지","02-6110-4141",,,,"양쪽","없음","안쪽","오른쪽","연결됨","없음",,,"413:쌍문","415:미아",,,,,"37.637873461435","127.025528241058",,
"미아","서울특별시 강북구 미아3동 197-14","02-6110-4151",,,,"양쪽","있음","바깥","오른쪽","연결안됨","없음",,,"414:수유","416:미아삼거리",,,,,"37.6263994282584","127.026153654567",,
"미아삼거리","서울특별시 강북구 미아4동 71-5","02-6110-4161",,,,"양쪽","있음","안쪽","오른쪽","연결안됨","없음",,,"415:미아","417:길음",,,,,"37.6132587854067","127.030107927086",,
"길음","서울특별시 성북구 길음1동 877-66","02-6110-4171",,,,"중앙","없음","안쪽","왼쪽","연결됨","없음",,,"416:미아삼거리","418:성신여대입구",,,,,"37.6031965973402","127.024926883882",,
"성신여대입구","서울특별시 성북구 동선동4가 1번지","02-6110-4181",,,,"양쪽","없음","안쪽","오른쪽","연결됨","없음",,,"417:길음","419:한성대입구",,,,,"37.5925806847715","127.016029007162",,
"한성대입구","서울특별시 성북구 삼선동1가 14번지","02-6110-4191",,,,"중앙","없음","바깥","왼쪽","연결됨","없음",,,"418:성신여대입구","420:혜화",,,,,"37.5883784034604","127.005927589115",,
"혜화","서울특별시 종로구 명륜동4가 1번지","02-6110-4201",,,,"양쪽","없음","바깥","오른쪽","연결됨","없음",,,"419:한성대입구","421:동대문",,,,,"37.5820913448762","127.001912524998",,
"명동","서울특별시 중구 충무로1가 64번지","02-6110-4241",,,,"중앙","없음","안쪽","왼쪽","연결됨","없음",,,"423:충무로","425:회현",,,,,"37.5609747959991","126.986483464654",,
"회현","서울특별시 중구 남창동 46번지","02-6110-4251",,,,"중앙","없음","안쪽","왼쪽","연결됨","없음",,,"424:명동","426:서울역",,,,,"37.558388501029","126.978074954061",,
"숙대입구","서울특별시 용산구 갈월동 101번지","02-6110-4271",,,,"양쪽","없음","안쪽","오른쪽","연결안됨","없음",,,"426:서울역","428:삼각지",,,,,"37.5445239708327","126.972130581053",,
"삼각지","서울특별시 용산구 한강로1가 293번지","02-6110-4281",,,,"양쪽","없음","안쪽","오른쪽","연결됨","없음",,,"427:숙대입구","429:신용산",,,,,"37.5344755976523","126.97296984237",,
"신용산","서울특별시 용산구 한강로2가 181번지","02-6110-4291",,,,"양쪽","없음","바깥","오른쪽","연결안됨","없음",,,"428:삼각지","430:이촌",,,,,"37.5291964262657","126.967905608315",,
"이촌","서울특별시 용산구 용산동5가 17","02-6110-4301",,,,"양쪽","없음","안쪽","오른쪽","연결됨","없음",,,"429:신용산","431:동작",,,,,"37.5223600384992","126.974414081565",,
"동작","서울특별시 동작구 동작동 121-5","02-6110-4311",,,,"양쪽","없음","안쪽","오른쪽","연결됨","없음",,,"430:이촌","432:총신대입구(이수)",,,,,"37.5028228112645","126.980381252814",,
"총신대입구(이수)","서울특별시 동작구 사당2동 9-31","02-6110-4321",,,,"양쪽","없음","안쪽","오른쪽","연결됨","없음",,,"431:동작","433:사당",,,,,"37.4866644386286","126.982183666658",,
"남태령","서울특별시 서초구 방배동 2909번지","02-6110-4341",,,,"중앙","없음","안쪽","왼쪽","연결됨","없음",,,"433:사당","435:선바위",,,,,"37.4642424906058","126.98911152713",,
"선바위","경기도 과천시 과천동 351-7","02-502-1356",,,,"양쪽","없음","바깥","왼쪽","연결안됨","없음",,,"434:남태령","436:경마공원",,,,,"37.4518646748584","127.002173825486",,
"경마공원","경기도 과천시 과천동 646번지","02-502-7892",,,,"양쪽","없음","바깥","왼쪽","연결됨","없음",,,"435:선바위","437:대공원",,,,,"37.4439926324478","127.007917493052",,
"대공원","경기도 과천시 과천동 727-1","02-502-5491",,,,"양쪽","없음","바깥","왼쪽","연결됨","없음",,,"436:경마공원","438:과천",,,,,"37.4360256620073","127.006655230417",,
"과천","경기도 과천시 별양동 2번지","02-3679-8831",,,,"양쪽","없음","바깥","왼쪽","연결됨","없음",,,"437:대공원","439:정부과천청사",,,,,"37.4333209612003","126.996860350614",,
"과천정부청사","경기도 과천시 별양동 1번지","02-503-2265",,,,"양쪽","없음","바깥","왼쪽","연결됨","없음",,,"438:과천","440:인덕원",,,,,"37.426538202424","126.989708404534",,
"인덕원","경기도 안양시 동안구 관양2동 1566번지","031-422-7788",,,,"중앙","없음","바깥","왼쪽","연결됨","없음",,,"439:정부과천청사","441:평촌",,,,,"37.4015494790646","126.976862591592",,
"평촌","경기도 안양시 동안구 부림동 1608번지","031-383-7788",,,,"양쪽","없음","바깥","왼쪽","연결됨","없음",,,"440:인덕원","442:범계",,,,,"37.3943543163773","126.963893541196",,
"범계","경기도 안양시 동안구 호계동","031-384-7788",,,,"양쪽","없음","바깥","왼쪽","연결안됨","없음",,,"441:평촌","443:금정",,,,,"37.389867433441","126.950640834336",,
"산본","경기도 군포시 산본동 1231","031-391-7788",,,,"양쪽","없음","바깥","왼쪽","연결됨","없음",,,"443:금정","445:수리산",,,,,"37.3580280586106","126.932977508453",,
"수리산","경기도 군포시 산본동 1231-1","031-396-7787",,,,"양쪽","없음","바깥","왼쪽","연결됨","있음",,,"444:산본","446:대야미",,,,,"37.3503108027991","126.92554689452",,
"대야미","경기도 군포시 대야미동 233-4","031-437-7788",,,,"양쪽","없음","바깥","왼쪽","연결됨","없음",,,"445:수리산","447:반월",,,,,"37.3284111995456","126.917237687433",,
"반월","경기도 안산시 상록구 건건동","031-438-7788",,,,"양쪽","없음","바깥","왼쪽","연결됨","없음",,,"446:대야미","448:상록수",,,,,"37.3122565637496","126.90369469379",,
"상록수","경기도 안산시 상록구 본오3동 875번지","031-407-7788",,,,"양쪽","없음","바깥","왼쪽","연결됨","없음",,,"447:반월","449:한대앞",,,,,"37.3028768003778","126.86639289084",,
"한대앞","경기도 안산시 상록구 이동 산17-3","031-406-7788",,,,"양쪽","없음","안쪽","왼쪽","연결됨","없음",,,"448:상록수","450:중앙",,,,,"37.3096926105505","126.853667428649",,
"중앙","경기도 안산시 단원구 고잔동 167-378","031-485-7788",,,,"양쪽","없음","안쪽","왼쪽","연결됨","없음",,,"449:한대앞","451:고잔",,,,,"37.3160690454917","126.83854338832",,
"고잔","경기도 안산시 단원구 고잔동 453-53","031-482-7788",,,,"양쪽","없음","안쪽","왼쪽","연결됨","없음",,,"450:중앙","452:공단",,,,,"37.3168899793274","126.823119718097",,
"공단","경기도 안산시 단원구 초지동 27-1","031-480-2788",,,,"양쪽","없음","안쪽","왼쪽","연결됨","없음",,,"451:고잔","453:안산",,,,,"37.3205948665578","126.806160948775",,
"안산","경기도 안산시 단원구 원곡동 377-1","031-491-7790",,,,"양쪽","없음","바깥","왼쪽","연결됨","없음",,,"452:공단","454:신길온천",,,,,"37.3269348945496","126.788955199174",,
"신길온천","경기도 안산시 단원구 신길동 216-2 번지","031-491-7787",,,,"중앙","없음","바깥","왼쪽","연결됨","없음",,,"453:안산","455:정왕",,,,,"37.337497411741","126.767321917624",,
"정왕","경기도 시흥시 정왕동 876-207번지","031-319-7787",,,,"양쪽","없음","바깥","왼쪽","연결됨","없음",,,"454:신길온천","456:오이도",,,,,"37.3518283042767","126.742854628076",,
"오이도","경기도 시흥시 정왕동 878","031-319-7788",,,,"중앙","없음","바깥","양쪽","연결안됨","없음",,,"455:정왕","NULL",,,,,"37.3622159957335","126.738482192763",,
"방화","서울특별시 강서구 방화3동 410번지","02-6311-5101",,,,"중앙","없음","바깥","양쪽","연결됨","없음",,,"NULL","511:개화산",,,,,"37.5776312885909","126.812840004076",,
"개화산","서울특별시 강서구 방화3동 531-16","02-6311-5111",,,,"양쪽","없음","바깥","오른쪽","연결됨","없음",,,"510:방화","512:김포공항",,,,,"37.5724135714809","126.805609821381",,
"김포공항","서울특별시 강서구 방화동 744번지","02-6311-5121",,,,"양쪽","있음","바깥","오른쪽","연결안됨","없음",,,"511:개화산","513:송정",,,,,"37.5625589680427","126.801420568904",,
"송정","서울특별시 강서구 공항동 27-1","02-6311-5131",,,,"중앙","없음","바깥","오른쪽","연결됨","없음",,,"512:김포공항","514:마곡",,,,,"37.5611739698081","126.812387825951",,
"마곡","서울특별시 강서구 가양동 531","02-6311-5140",,,,"양쪽","없음","바깥","오른쪽","연결됨","없음",,,"513:송정","515:발산",,,,,"37.560260685315","126.824682858914",,
"발산","서울특별시 강서구 가양동 968번지","02-6311-5151",,,,"양쪽","없음","바깥","오른쪽","연결안됨","없음",,,"514:마곡","516:우장산",,,,,"37.5589324831152","126.83706327543",,
"우장산","서울특별시 강서구 내발산동 723번지","02-6311-5161",,,,"양쪽","없음","바깥","오른쪽","연결됨","없음",,,"515:발산","517:화곡",,,,,"37.5488879390925","126.836347782836",,
"화곡","서울특별시 강서구 화곡7동 1075번지","02-6311-5171",,,,"중앙","있음","바깥","왼쪽","연결됨","없음",,,"516:우장산","518:까치산",,,,,"37.5415848764292","126.840455602612",,
"신정","서울특별시 양천구 신정동 949번지","02-6311-5191",,,,"양쪽","없음","안쪽","오른쪽","연결됨","없음",,,"518:까치산","520:목동",,,,,"37.5249877544571","126.856177363585",,
"목동","서울특별시 양천구 목1동 925번지","02-6311-5201",,,,"양쪽","없음","바깥","오른쪽","연결됨","없음",,,"519:신정","521:오목교",,,,,"37.526039896976","126.865313818452",,
"오목교","서울특별시 양천구 목1동 405번지","02-6311-5211",,,,"양쪽","없음","바깥","오른쪽","연결안됨","없음",,,"520:목동","522:양평",,,,,"37.5245652661744","126.875065425688",,
"양평","서울특별시 영등포구 양평동2가 33-79","02-6311-5221",,,,"양쪽","있음","안쪽","오른쪽","연결됨","없음",,,"521:오목교","523:영등포구청",,,,,"37.5256168090296","126.886204575151",,
"영등포시장","서울특별시 영등포구 영등포동5가 45번지","02-6311-5241",,,,"중앙","없음","바깥","오른쪽","연결됨","없음",,,"523:영등포구청","525:신길",,,,,"37.5227207853075","126.905106156146",,
"여의도","서울특별시 영등포구 여의도동 3번지","02-6311-5261",,,,"양쪽","있음","바깥","오른쪽","연결됨","없음",,,"525:신길","527:여의나루",,,,,"37.5216519313624","126.924127163025",,
"여의나루","서울특별시 영등포구 여의도동 85-1","02-6311-5271",,,,"중앙","없음","바깥","왼쪽","연결됨","없음",,,"526:여의도","528:마포",,,,,"37.5271460462917","126.932827701439",,
"마포","서울특별시 마포구 도화2동 160","02-6311-5281",,,,"중앙","있음","바깥","왼쪽","연결됨","없음",,,"527:여의나루","529:공덕",,,,,"37.5397171338409","126.946057646042",,
"공덕","서울특별시 마포구 공덕2동 423번지","02-6311-5291",,,,"중앙","없음","바깥","왼쪽","연결됨","없음",,,"528:마포","530:애오개",,,,,"37.5444861987939","126.951411067617",,
"애오개","서울특별시 마포구 아현동 612번지","02-6311-5301",,,,"양쪽","없음","바깥","오른쪽","연결됨","없음",,,"529:공덕","531:충정로",,,,,"37.5535980175744","126.956761298907",,
"서대문","서울특별시 종로구 평동 90번지","02-6311-5321",,,,"중앙","있음","바깥","왼쪽","연결됨","없음",,,"531:충정로","533:광화문",,,,,"37.5657769854621","126.966666012571",,
"광화문","서울특별시 종로구 도렴동 83","02-6311-5331",,,,"양쪽","있음","바깥","왼쪽","연결됨","없음",,,"532:서대문","534:종로3가",,,,,"37.5716288260334","126.97645662009",,
"청구","서울특별시 중구 신당동 294","02-6311-5371",,,,"중앙","없음","바깥","왼쪽","연결됨","없음",,,"536:동대문역사문화공원","538:신금호",,,,,"37.5602154732201","127.013896193643",,
"신금호","서울특별시 성동구 금호동2가 223-1","02-6311-5381",,,,"중앙","없음","바깥","왼쪽","연결됨","없음",,,"537:청구","539:행당",,,,,"37.5544630459446","127.021034198081",,
"행당","서울특별시 성동구 행당2동 317-241","02-6311-5391",,,,"중앙","없음","바깥","오른쪽","연결됨","없음",,,"538:신금호","540:왕십리",,,,,"37.5574084428252","127.02965417996",,
"마장","서울특별시 성동구 마장동 772번지","02-6311-5411",,,,"중앙","없음","바깥","오른쪽","연결됨","없음",,,"540:왕십리","542:답십리",,,,,"37.566140054729","127.042977428561",,
"답십리","서울특별시 성동구 용답동 99번지","02-6311-5421",,,,"양쪽","있음","바깥","오른쪽","연결안됨","없음",,,"541:마장","543:장한평",,,,,"37.5670809153809","127.052394745874",,
"장안평","서울특별시 동대문구 장안동 416번지","02-6311-5431",,,,"중앙","있음","바깥","왼쪽","연결됨","없음",,,"542:답십리","544:군자",,,,,"37.5616029874548","127.063760306253",,
"군자","서울특별시 광진구 능동 277번지","02-6311-5441",,,,"중앙","없음","바깥","왼쪽","연결됨","없음",,,"543:장한평","545:아차산",,,,,"37.5573438610432","127.079036605823",,
"아차산","서울특별시 광진구 능동 256번지","02-6311-5451",,,,"중앙","없음","없음","오른쪽","연결됨","없음",,,"544:군자","546:광나루",,,,,"37.5520377600313","127.089649703696",,
"광나루","서울특별시 광진구 광장동 237번지","02-6311-5461",,,,"중앙","있음","바깥","오른쪽","연결됨","없음",,,"545:아차산","547:천호",,,,,"37.5453415905336","127.10362765914",,
"천호","서울특별시 강동구 천호2동 455","02-6311-5471",,,,"양쪽","있음","바깥","오른쪽","연결됨","없음",,,"546:광나루","548:강동",,,,,"37.5385801965626","127.123601088049",,
"강동","서울특별시 강동구 천호3동 447번지","02-6311-5481",,,,"중앙","있음","바깥","양쪽","연결됨","있음",,,"547:천호","549:길동/569:둔촌동",,,,,"37.5359495051089","127.13220866568",,
"길동","서울특별시 강동구 길동 378번지","02-6311-5491",,,,"중앙","있음","바깥","오른쪽","연결됨","없음",,,"548:강동","550:굽은다리",,,,,"37.5377725305706","127.140006494976",,
"굽은다리","서울특별시 강동구 명일1동 345-12","02-6311-5501",,,,"중앙","없음","바깥","오른쪽","연결됨","없음",,,"549:길동","551:명일",,,,,"37.5455428191563","127.14292758431",,
"명일","서울특별시 강동구 명일동 312번지","02-6311-5511",,,,"중앙","없음","바깥","오른쪽","연결됨","없음",,,"550:굽은다리","552:고덕",,,,,"37.5513175384837","127.144027262077",,
"고덕","서울특별시 강동구 고덕동 310번지","02-6311-5521",,,,"중앙","없음","바깥","오른쪽","연결됨","없음",,,"551:명일","553:상일동",,,,,"37.5550574904901","127.154125478693",,
"상일동","서울특별시 강동구 상일동 148번지","02-6311-5531",,,,"중앙","없음","바깥","양쪽","연결됨","없음",,,"552:고덕","NULL",,,,,"37.5566449333889","127.165765355228",,
"둔촌동","서울특별시 강동구 둔촌동 416번지","02-6311-5541",,,,"중앙","없음","바깥","오른쪽","연결됨","없음",,,"548:강동","570:올림픽공원",,,,,"37.5276623474949","127.136253056343",,
"올림픽공원","서울특별시 송파구 방이동 89번지","02-6311-5551",,,,"중앙","없음","바깥","오른쪽","연결됨","없음",,,"569:둔촌동","571:방이",,,,,"37.516631754077","127.131108533094",,
"방이","서울특별시 송파구 방이1동 217-2","02-6311-5561",,,,"중앙","없음","바깥","오른쪽","연결됨","없음",,,"570:올림픽공원","572:오금",,,,,"37.5085655038697","127.125976229742",,
"오금","서울특별시 송파구 오금동 44-2번지","02-6110-3521~2",,,,"중앙","없음","안쪽","오른쪽","연결됨","없음",,,"571:방이","573:개롱",,,,,"37.502119388017","127.127940025594",,
"개롱","서울특별시 송파구 오금동 165-1","02-6311-5581",,,,"중앙","있음","바깥","오른쪽","연결됨","없음",,,"572:오금","574:거여",,,,,"37.4979729247267","127.135090448283",,
"거여","서울특별시 송파구 거여1동 20-14","02-6311-5591",,,,"중앙","없음","바깥","오른쪽","연결됨","없음",,,"573:개롱","575:마천",,,,,"37.493430481145","127.143612951034",,
"마천","서울특별시 송파구 마천1동 183-94","02-6311-5601",,,,"중앙","있음","바깥","오른쪽","연결안됨","없음",,,"574:거여","NULL",,,,,"37.4950285055447","127.152811509435",,
"응암","서울특별시 은평구 역촌2동 85-41","02-6311-6101",,,,"중앙","없음","바깥","왼쪽","연결됨","없음",,,"615:구산/616:새절","611:역촌/616:새절",,,,,"37.5984776878129","126.915605810429",,
"역촌","서울특별시 은평구 녹번동 144-69번지","02-6311-6111",,,,"기타","없음","바깥","오른쪽","기타","없음",,,"610:응암","612:불광",,,,,"37.606030560446","126.92274463896",,
"독바위","서울특별시 은평구 불광1동 13-33","02-6311-6131",,,,"기타","없음","바깥","왼쪽","기타","없음",,,"612:불광","614:연신내",,,,,"37.6187013487001","126.932926689075",,
"구산","서울특별시 은평구 구산동 1","02-6311-6151",,,,"기타","없음","바깥","오른쪽","기타","없음",,,"614:연신내","610:응암",,,,,"37.6113330206458","126.917310902512",,
"새절","서울특별시 은평구 신사2동 337-5","02-6311-6161",,,,"양쪽","없음","바깥","양쪽","연결됨","없음",,,"610:응암","617:증산",,,,,"37.5910257111901","126.913596364603",,
"증산","서울특별시 은평구 증산동 199-8","02-6311-6171",,,,"양쪽","없음","바깥","오른쪽","연결됨","없음",,,"616:새절","618:디지털미디어시티",,,,,"37.5839437683325","126.909702441884",,
"디지털미디어시티","서울특별시 은평구 증산동 223-27","02-6311-6181",,,,"양쪽","없음","바깥","오른쪽","연결됨","없음",,,"617:증산","619:월드컵경기장",,,,,"37.5760725702628","126.901360317524",,
"월드컵경기장","서울특별시 마포구 성산2동 420","02-6311-6191",,,,"양쪽","없음","없음","오른쪽","연결됨","없음",,,"618:디지털미디어시티","620:마포구청",,,,,"37.5696629885152","126.899077160726",,
"마포구청","서울특별시 마포구 성산2동 592","02-6311-6201",,,,"양쪽","없음","바깥","오른쪽","연결됨","없음",,,"619:월드컵경기장","621:망원",,,,,"37.5637722290208","126.903170710676",,
"망원","서울특별시 마포구 망원동 378","02-6311-6211",,,,"양쪽","없음","바깥","오른쪽","연결됨","없음",,,"620:마포구청","622:합정",,,,,"37.5560694549784","126.91010820063",,
"상수","서울특별시 마포구 상수동 309-10","02-6311-6231",,,,"중앙","없음","바깥","왼쪽","연결됨","없음",,,"622:합정","624:광흥창",,,,,"37.5477664825694","126.922405715262",,
"광흥창","서울특별시 마포구 창전동 145","02-6311-6241",,,,"중앙","없음","바깥","왼쪽","연결됨","없음",,,"623:상수","625:대흥",,,,,"37.5474919551621","126.931870389713",,
"대흥","서울특별시 마포구 대흥동 267","02-6311-6251",,,,"중앙","없음","바깥","왼쪽","연결됨","없음",,,"624:광흥창","626:공덕",,,,,"37.5476852557531","126.942346897518",,
"효창공원앞","서울특별시 용산구 효창동 80","02-6311-6271",,,,"중앙","없음","바깥","왼쪽","연결됨","없음",,,"626:공덕","628:삼각지",,,,,"37.5392413488767","126.961532537312",,
"녹사평(용산구청)","서울특별시 용산구 용산동 4가 4","02-6311-6291",,,,"중앙","없음","없음","왼쪽","연결됨","없음",,,"628:삼각지","630:이태원",,,,,"37.5346918345189","126.986544609409",,
"이태원","서울특별시 용산구 이태원동 127","02-6311-6301",,,,"중앙","없음","없음","왼쪽","연결됨","없음",,,"629:녹사평","631:한강진",,,,,"37.5345442732648","126.994591398954",,
"한강진","서울특별시 용산구 한남동 산10-33","02-6311-6311",,,,"양쪽","없음","없음","오른쪽","연결됨","없음",,,"630:이태원","632:버티고개",,,,,"37.5395246857207","127.001755236542",,
"버티고개","서울특별시 중구 신당동 432","02-6311-6321",,,,"양쪽","있음","바깥","오른쪽","연결됨","없음",,,"631:한강진","633:약수",,,,,"37.5477447328945","127.00633091767",,
"창신","서울특별시 종로구 창신동 20","02-6311-6371",,,,"중앙","없음","안쪽","왼쪽","연결됨","없음",,,"636:동묘앞","638:보문",,,,,"37.5793653204762","127.015296984151",,
"보문","서울특별시 성북구 보문동 1가 127-1","02-6311-6381",,,,"중앙","없음","바깥","왼쪽","연결됨","없음",,,"637:창신","639:안암",,,,,"37.5854664046838","127.019757050841",,
"안암(고대병원앞)","서울특별시 안암동 5가 146-48","02-6311-6391",,,,"양쪽","있음","안쪽,바깥쪽","오른쪽","연결됨","없음",,,"638:보문","640:고려대",,,,,"37.5862738167238","127.029155574252",,
"고려대(종암)","서울특별시 성북구 안암동5가 1-2번지","02-6311-6401",,,,"양쪽","없음","없음","오른쪽","연결됨","없음",,,"639:안암","641:월곡",,,,,"37.5906393608441","127.036311883132",,
"월곡","서울특별시 성북구 하월곡동 35-1","02-6311-6411",,,,"양쪽","없음","없음","오른쪽","연결됨","없음",,,"640:고려대","642:상월곡",,,,,"37.6019359283773","127.041545766535",,
"상월곡","서울특별시  성북구 상월곡동 26-1번지","02-6311-6421",,,,"양쪽","있음","바깥","왼쪽","연결됨","없음",,,"641:월곡","643:돌곶이",,,,,"37.6063065585934","127.048307823417",,
"돌곶이","서울특별시 성북구 석관2동 349-8번지","02-6311-6431",,,,"양쪽","없음","바깥","오른쪽","연결됨","없음",,,"642:상월곡","644:석계",,,,,"37.6104983773713","127.056420760774",,
"태릉입구","서울특별시 노원구 공릉동 680번지","02-6311-7171",,,,"양쪽","있음","바깥","오른쪽","연결됨","없음",,,"644:석계","646:화랑대",,,,,"37.6173290460696","127.074752863903",,
"화랑대","서울특별시 노원구 공릉2동 284-5번지","02-6311-6461",,,,"양쪽","없음","바깥","오른쪽","연결됨","없음",,,"645:태릉입구","647:봉화산",,,,,"37.619812004772","127.083501146497",,
"봉화산","서울특별시 중랑구 신내2동 643-3호","02-6311-6471",,,,"양쪽","있음","바깥","양쪽","연결됨","없음",,,"646:화랑대","NULL",,,,,"37.6173764432732","127.091312914102",,
"장암","경기도 의정부시 장암동 164-9번지","02-6311-7091",,,,"중앙","없음","바깥","오른쪽","연결됨","없음",,,"NULL","710:도봉산",,,,,"37.699658724417","127.052299704925",,
"수락산","서울특별시 노원구 상계1동 1132-9번지","02-6311-7111",,,,"양쪽","없음","바깥","왼쪽","연결됨","없음",,,"710:도봉산","712:마들",,,,,"37.6778869458416","127.055308430057",,
"마들","서울특별시 노원구 상계동 647번지","02-6311-7121",,,,"중앙","있음","바깥","왼쪽","연결됨","없음",,,"711:수락산","713:노원",,,,,"37.6653811668254","127.057631644169",,
"중계","서울특별시 노원구 중계3동 512","02-6311-7141",,,,"중앙","없음","바깥","왼쪽","연결됨","없음",,,"713:노원","715:하계",,,,,"37.645347682282","127.063992176153",,
"하계","서울특별시 노원구 하계동 1동 280","02-6311-7151",,,,"중앙","없음","바깥","왼쪽","연결됨","없음",,,"714:중계","716:공릉",,,,,"37.6363244150886","127.068059471462",,
"공릉","서울특별시 노원구 공릉1동 395번지","02-6311-7161",,,,"양쪽","없음","바깥","오른쪽","연결됨","없음",,,"715:하계","717:태릉입구",,,,,"37.625793428099","127.072914824197",,
"먹골","서울특별시 중랑구 묵동 175-4","02-6311-7181",,,,"양쪽","있음","바깥","오른쪽","연결안됨","없음",,,"717:태릉입구","719:중화",,,,,"37.6107836629646","127.077722066313",,
"중화","서울특별시 중랑구 중화동 285번지","02-6311-7191",,,,"양쪽","없음","바깥","오른쪽","연결됨","없음",,,"718:먹골","720:상봉",,,,,"37.6025785097349","127.079306814205",,
"상봉","서울특별시 중랑구 상봉동 115번지","02-6311-7201",,,,"양쪽","있음","바깥","오른쪽","연결안됨","없음",,,"719:중화","721:면목",,,,,"37.5956272849099","127.085733828367",,
"면목","서울특별시 중랑구 면목동 120번지","02-6311-7211",,,,"양쪽","있음","바깥","오른쪽","연결됨","없음",,,"720:상봉","722:사가정",,,,,"37.5887570706369","127.087516202834",,
"사가정","서울특별시 중랑구 면목3동 496번지","02-6311-7221",,,,"양쪽","없음","바깥","오른쪽","연결됨","없음",,,"721:면목","723:용마산",,,,,"37.5809707376422","127.088516848196",,
"용마산","서울특별시 중랑구 면목4동 76-1번지","02-6311-7231",,,,"양쪽","없음","바깥","오른쪽","연결됨","없음",,,"722:사가정","724:중곡",,,,,"37.5738034642109","127.086838037664",,
"중곡","서울특별시 광진구 중곡동 167번지","02-6311-7241",,,,"양쪽","없음","바깥","오른쪽","연결됨","없음",,,"723:용마산","725:군자",,,,,"37.5655467688649","127.084108802065",,
"어린이대공원","서울특별시 광진구 모진동 3번지","02-6311-7261",,,,"양쪽","있음","바깥","오른쪽","연결안됨","없음",,,"725:군자","727:건대입구",,,,,"37.5479113787523","127.074614437556",,
"뚝섬유원지","서울특별시 광진구 노유2동 73번지","02-6311-7281",,,,"양쪽","있음","안쪽","오른쪽","연결됨","없음",,,"727:건대입구","729:청담",,,,,"37.5315401718454","127.066704036028",,
"청담","서울특별시 강남구 청담동 75-1","02-6311-7291",,,,"양쪽","있음","바깥","왼쪽","연결됨","없음",,,"728:뚝섬유원지","730:강남구청",,,,,"37.5194730045405","127.0539691469",,
"강남구청","서울특별시 강남구 삼성2동 1번지","02-6311-7301",,,,"양쪽","있음","바깥","오른쪽","연결됨","없음",,,"729:청담","731:학동",,,,,"37.5171906741197","127.041328265497",,
"학동","서울특별시 강남구 논현동 208번지","02-6311-7311",,,,"양쪽","있음","바깥","오른쪽","연결안됨","없음",,,"730:강남구청","732:논현",,,,,"37.5142461074652","127.03160385044",,
"논현","서울특별시 강남구 논현1동 280번지","02-6311-7321",,,,"양쪽","있음","바깥","오른쪽","연결됨","없음",,,"731:학동","733:반포",,,,,"37.5112185409701","127.021745550839",,
"반포","서울특별시 서초구 잠원동 103번지","02-6311-7331",,,,"양쪽","있음","바깥","오른쪽","연결됨","없음",,,"732:논현","734:고속터미널",,,,,"37.5082440296468","127.011864732666",,
"내방","서울특별시 서초구 방배동 874번지","02-6311-7351",,,,"양쪽","있음","바깥","오른쪽","연결됨","없음",,,"734:고속터미널","736:이수",,,,,"37.4875600357629","126.993128660455",,
"남성","서울특별시 동작구 사당동 250번지","02-6311-7371",,,,"양쪽","있음","안쪽","오른쪽","연결됨","없음",,,"736:이수","738:숭실대입구",,,,,"37.4847461237826","126.970834581699",,
"숭실대입구","서울특별시 동작구 상도동 515번지","02-6311-7381",,,,"양쪽","있음","바깥","오른쪽","연결됨","없음",,,"737:남성","739:상도",,,,,"37.4963799721577","126.953519446683",,
"상도","서울특별시 동작구 상도1동 752-2번지","02-6311-7391",,,,"양쪽","있음","바깥","오른쪽","연결안됨","없음",,,"738:숭실대입구","740:장승배기",,,,,"37.502523279114","126.948231270467",,
"장승배기","서울특별시 동작구 상도2동 366번지","02-6311-7401",,,,"양쪽","있음","바깥","오른쪽","연결안됨","없음",,,"739:상도","741:신대방삼거리",,,,,"37.5049115524201","126.939206166303",,
"신대방삼거리","서울특별시 동작구 대방동 393번지","02-6311-7411",,,,"양쪽","있음","바깥","오른쪽","연결안됨","없음",,,"740:장승배기","742:보라매",,,,,"37.4997304855643","126.92820742015",,
"보라매","서울특별시 영등포구 신길동 508번지","02-6311-7421",,,,"중앙","없음","바깥","왼쪽","연결됨","없음",,,"741:신대방삼거리","743:신풍",,,,,"37.4999510494875","126.919767403036",,
"신풍","서울특별시 영등포구 신길동 3599번지","02-6311-7431",,,,"양쪽","없음","바깥","오른쪽","연결됨","없음",,,"742:보라매","744:대림",,,,,"37.5001131525734","126.909937123271",,
"남구로","서울특별시 구로구 구로동 800번지","02-6311-7451",,,,"양쪽","없음","바깥","오른쪽","연결됨","없음",,,"744:대림","746:가산디지털단지",,,,,"37.4860982225221","126.887288365206",,
"철산","경기도 광명시 철산동 526","02-6311-7471",,,,"중앙","없음","바깥","오른쪽","연결안됨","없음",,,"746:가산디지털단지","748:광명사거리",,,,,"37.4762045269721","126.868271481638",,
"광명사거리","경기도 광명시 광명동 158번지","02-6311-7481",,,,"양쪽","없음","바깥","오른쪽","연결됨","없음",,,"747:철산","749:천왕",,,,,"37.4793012074789","126.854860790404",,
"천왕","서울특별시 구로구 오류동 174","02-6311-7491",,,,"양쪽","없음","바깥","오른쪽","연결됨","없음",,,"748:광명사거리","750:온수",,,,,"37.4866943111406","126.838691574448",,
"암사","서울특별시 강동구 암사동 501","02-6311-8101",,,,"양쪽","없음","바깥","오른쪽","연결됨","없음",,,"NULL","811:천호",,,,,"37.5501518341866","127.127540031284",,
"강동구청","서울특별시 강동구 성내동 319","02-6311-8121",,,,"양쪽","없음","바깥","오른쪽","연결됨","없음",,,"811:천호","813:몽촌토성",,,,,"37.5302308045843","127.120417512096",,
"몽촌토성","서울특별시 송파구 방이동 44번지","02-6311-8131",,,,"양쪽","없음","바깥","오른쪽","연결됨","없음",,,"812:강동구청","814:잠실",,,,,"37.5173204024976","127.112209068546",,
"석촌","서울특별시 송파구 송파동 19번지","02-6311-8151",,,,"양쪽","있음","바깥","오른쪽","연결됨","없음",,,"814:잠실","816:송파",,,,,"37.5053338447441","127.107091451806",,
"송파","서울특별시 송파구 가락동 479번지","02-6311-8161",,,,"양쪽","없음","바깥","오른쪽","연결됨","없음",,,"815:석촌","817:가락시장",,,,,"37.4997497727119","127.112213243056",,
"가락시장","서울특별시 송파구 가락동 298번지","02-6311-8171",,,,"양쪽","없음","바깥","오른쪽","연결됨","없음",,,"816:송파","818:문정",,,,,"37.4929563022908","127.118309705579",,
"문정","서울특별시 송파구 문정동 56번지","02-6311-8181",,,,"양쪽","없음","바깥","오른쪽","연결됨","없음",,,"817:가락시장","819:장지",,,,,"37.4859401919274","127.122372291292",,
"장지","서울특별시 송파구 장지동 217번지","02-6311-8191",,,,"양쪽","있음","바깥","오른쪽","연결됨","없음",,,"818:문정","820:복정",,,,,"37.4786968407856","127.126188004267",,
"복정","서울특별시 송파구 장지동 600번지","02-6311-8201",,,,"중앙","있음","바깥","왼쪽","연결됨","없음",,,"819:장지","821:산성",,,,,"37.471005989403","127.126763527318",,
"산성","경기도 성남시 수정구 신흥2동 7","02-6311-8211",,,,"양쪽","없음","바깥","오른쪽","연결됨","없음",,,"820:복정","822:남한산성입구",,,,,"37.456641404536","127.15006783137",,
"남한산성입구","경기도 성남시 수정구 단대동 4769번지","02-6311-8221",,,,"양쪽","없음","바깥","오른쪽","연결됨","없음",,,"821:산성","823:단대오거리",,,,,"37.451547990424","127.159834118665",,
"단대오거리","경기도 성남시수정구 신흥2동 2458번지","02-6311-8231",,,,"양쪽","있음","바깥","오른쪽","연결됨","없음",,,"822:남한산성입구","824:신흥",,,,,"37.4447381454241","127.156350218895",,
"신흥","경기도 성남시 수정구 신흥3동 2467","02-6311-8241",,,,"양쪽","없음","바깥","오른쪽","연결됨","없음",,,"823:단대오거리","825:수진",,,,,"37.4409533925087","127.147510224242",,
"수진","경기도 성남시 수정구 수진1동 2204","02-6311-8251",,,,"양쪽","있음","바깥","오른쪽","연결됨","없음",,,"824:신흥","826:모란",,,,,"37.437252549759","127.140387795101",,
"모란","경기도 성남시 수정구 수진2동 4518번지","02-6311-8261",,,,"양쪽","있음","바깥","오른쪽","연결됨","없음",,,"825:수진","NULL",,,,,"37.4339527113805","127.130255725927",,
"개화","서울특별시 강서구 개화동 493-3","02-2656-0901",,,,"중앙","없음","바깥","양쪽","연결됨","없음",,,"NULL","902:김포공항",,,,,"37.5785834888176","126.797405371636",,
"공항시장","서울특별시 강서구 공항동 22-50","02-2656-0903",,,,"양쪽","없음","바깥","양쪽","연결됨","없음",,,"902:김포공항","904:신방화",,,,,"37.5637611422261","126.810716864929",,
"신방화","서울특별시 강서구 방화동 217-156","02-2656-0904",,,,"양쪽","없음","바깥","오른쪽","연결안됨","없음",,,"903:공항시장","906:양천향교",,,,,"37.5675191727429","126.817075382163",,
"양천향교","서울특별시 강서구 가양동 150-34","02-2656-0906",,,,"양쪽","없음","바깥","오른쪽","연결됨","없음",,,"904:신방화","907:가양",,,,,"37.5681166662526","126.841923965525",,
"가양","서울특별시 강서구 가양동 14-84","02-2656-0907",,,,"일방향","없음","바깥","왼쪽","연결됨","없음",,,"906:양천향교","908:증미",,,,,"37.5615602536257","126.854260867472",,
"중미","서울특별시 강서구 등촌동 630-2","02-2656-0908",,,,"양쪽","없음","바깥","오른쪽","연결됨","없음",,,"907:가양","909:등촌",,,,,"37.5581437079992","126.8606173616",,
"등촌","서울특별시 강서구 등촌동 648-9","02-2656-0909",,,,"양쪽","없음","바깥","오른쪽","연결됨","없음",,,"908:증미","910:염창",,,,,"37.550694449294","126.865540398235",,
"염창","서울특별시 강서구 염창동 282-22","02-2656-0910",,,,"양쪽","없음","바깥","오른쪽","연결됨","없음",,,"909:등촌","911:신목동",,,,,"37.5469720751297","126.87485366485",,
"신목동","서울특별시 양천구 목동 940-12","02-2656-0911",,,,"양쪽","없음","바깥","오른쪽","연결됨","없음",,,"910:염창","912:선유도",,,,,"37.5442750606358","126.883098343358",,
"선유도","서울특별시 영등포구 양평동 61-2","02-2656-0912",,,,"양쪽","없음","바깥","오른쪽","연결됨","없음",,,"911:신목동","913:당산",,,,,"37.5380216020928","126.893612803303",,
"국회의사당","서울특별시 영등포구 여의도동 17-1","02-2656-0914",,,,"중앙","없음","안쪽,바깥쪽","왼쪽","연결안됨","없음",,,"913:당산","915:여의도",,,,,"37.5281363960007","126.91786817047",,
"샛강","서울특별시 영등포구 여의도동 56","02-2656-0916",,,,"양쪽","있음","바깥","오른쪽","연결됨","없음",,,"915:여의도","917:노량진",,,,,"37.5167484480349","126.92889196245",,
"노들","서울특별시 동작구 본동 148","02-2656-0918",,,,"양쪽","없음","바깥","오른쪽","연결됨","없음",,,"917:노량진","919:흑석",,,,,"37.5129028736519","126.953255151732",,
"흑석","서울특별시 동작구 흑석동 115-1","02-2656-0919",,,,"양쪽","있음","바깥","오른쪽","연결됨","없음",,,"918:노들","920:동작",,,,,"37.5091718472016","126.963407820737",,
"구반포","서울특별시 서초구 반포본동 1053","02-2656-0921",,,,"양쪽","없음","바깥","오른쪽","연결됨","없음",,,"920:동작","922:신반포",,,,,"37.5014418153938","126.987445985977",,
"신반포","서울특별시 서초구 반포동 14-1","02-2656-0922",,,,"양쪽","없음","바깥","오른쪽","연결됨","없음",,,"921:구반포","923:고속터미널",,,,,"37.5034973550316","126.996036539552",,
"사평","서울특별시 서초구 반포동 30","02-2656-0924",,,,"양쪽","없음","안쪽","오른쪽","연결안됨","없음",,,"923:고속터미널","925:신논현",,,,,"37.504456859355","127.01477607131",,
"신논현","서울특별시 강남구 논현동","02-2656-0925",,,,"양쪽","없음","바깥","오른쪽","연결됨","없음",,,"924:사평","NULL",,,,,"37.5047340300181","127.0253927925",,
"문산","경기도 파주시 문산읍 문산리 17번지","031-952-7788",,,,"복선(국철)","있음","바깥","왼쪽","연결됨","없음",,,"1628:파주","NULL",,,,,"37.8545948239598","126.787474602415",,
"파주","경기도 파주시 파주읍 봉암리 487-2","031-960-3209",,,,"복선(국철)","없음","바깥","왼쪽","연결됨","없음",,,"1627:월롱","1629:문산",,,,,"37.8153988074191","126.792442435141",,
"월롱","경기도 파주시 월롱면 위전리","031-942-5753",,,,"복선(국철)","없음","바깥","왼쪽","연결됨","없음",,,"1626:금촌","1628:파주",,,,,"37.7955608767019","126.792628821358",,
"금촌","경기도 파주시 금촌동 329번지","031-946-0788",,,,"복선(국철)","없음","바깥","왼쪽","연결됨","없음",,,"1625:금릉","1627:월롱",,,,,"37.7657780506541","126.773806805449",,
"금릉","경기도 파주시 금촌동 금릉로 129번지","031-948-4788",,,,"복선(국철)","없음","바깥","왼쪽","연결됨","없음",,,"1624:운정","1626:금촌",,,,,"37.7509818879339","126.765857911067",,
"운정","경기도 파주시 교하읍 야당리 295번지","1544-7788",,,,"복선(국철)","없음","바깥","왼쪽","연결됨","없음",,,"1623:탄현","1625:금릉",,,,,"37.7261222883408","126.767483888104",,
"탄현","경기도 고양시 일산서구 덕이동 238번지","031-913-2020",,,,"복선(국철)","없음","바깥","왼쪽","연결됨","없음",,,"1622:일산","1624:운정",,,,,"37.6938904658661","126.761179810715",,
"일산","경기도 고양시 일산서구 일산2동 635-35","031-976-7788",,,,"복선(국철)","없음","바깥","양쪽","연결됨","없음",,,"1621:풍산","1623:탄현",,,,,"37.6820089537495","126.770061296976",,
"풍산","경기도 고양시 풍동 1445-1","031-905-4567",,,,"복선(국철)","없음","바깥","왼쪽","연결됨","없음",,,"1620:백마","1622:일산",,,,,"37.6721855939301","126.786376262907",,
"백마","경기도 고양시 마두동","031-901-7788",,,,"복선(국철)","없음","바깥","왼쪽","연결됨","없음",,,"1619:곡산","1621:풍산",,,,,"37.6585981070109","126.794269934732",,
"곡산","경기도 고양시 덕양구 내곡동 129-2","031-908-2122",,,,"복선(국철)","없음","바깥","왼쪽","연결됨","없음",,,"1618:대곡","1620:백마",,,,,"37.6461209978468","126.801542285241",,
"능곡","경기도 고양시 덕양구 토당동 454","031-974-7788",,,,"복선(국철)","없음","바깥","왼쪽","연결됨","없음",,,"1616:행신","1618:대곡",,,,,"37.6189403333659","126.820645748087",,
"행신","경기 고양시 덕양구 행신2동 802번지","1544-7788",,,,"복선(국철)","없음","바깥","양쪽","연결됨","없음",,,"1615:화전","1617:능곡",,,,,"37.6121088234022","126.834084631719",,
"화전","경기도 고양시 덕양구 화전동 화전역길 22","02-3158-0788",,,,"복선(국철)","없음","바깥","왼쪽","연결됨","없음",,,"1614:수색","1616:행신",,,,,"37.6032838292831","126.86795949784",,
"수색","서울시 은평구 수색동 81번지","02-305-7788",,,,"복선(국철)","없음","바깥","왼쪽","연결됨","없음",,,"1613:디지털미디어시티","1615:화전",,,,,"37.5808673527601","126.895697037843",,
"가좌","서울 서대문구 남가좌동 292 - 15 번지","02-300-5250",,,,"중앙","없음","바깥","오른쪽","연결됨","없음",,,"1611:신촌","1613:디지털미디어시티",,,,,"37.5688095001245","126.91493751975",,
"신촌(지상)","서울특별시 서대문구 대현동 74-12","02-3149-2559",,,,"양쪽","없음","바깥","오른쪽","연결됨","없음",,,"1610:서울역","1612:가좌",,,,,"37.5597171894826","126.942686392467",,
"한티","서울특별시 강남구 대치동 1101-8","02-569-9704",,,,"양쪽","없음","바깥","왼쪽","연결됨","없음",,,"1515:선릉","1517:도곡",,,,,"37.4960556202292","127.052974972191",,
"구룡","서울특별시 강남구 개포동 175번지","02-579-7760",,,,"양쪽","없음","안쪽","왼쪽","연결됨","없음",,,"1517:도곡","1519:개포동",,,,,"37.4869890545088","127.059512011998",,
"개포동","서울특별시 강남구 개포동 182-1","02-3412-4418",,,,"양쪽","없음","바깥","왼쪽","연결됨","없음",,,"1518:구룡","1520:대모산입구",,,,,"37.4891710393406","127.06651825665",,
"대모산입구","서울특별시 강남구 개포동 611","02-3412-9471",,,,"양쪽","없음","바깥","왼쪽","연결됨","없음",,,"1519:개포동","1521:수서",,,,,"37.4914378391024","127.072901907325",,
"경원대","경기도 성남시 수정구 태평동 5113-9","031-752-7788",,,,"양쪽","없음","바깥","왼쪽","연결됨","없음",,,"1522:복정","1524:태평",,,,,"37.4487941531653","127.126693617693",,
"태평","경기도 성남시 수정구 태평2동","031-751-7788",,,,"양쪽","없음","바깥","왼쪽","연결됨","없음",,,"1523:경원대","1525:모란",,,,,"37.4398453634733","127.127758009757",,
"야탑","경기도 성남시 분당구 야탑동 688-1","031-703-3238",,,,"양쪽","없음","바깥","왼쪽","연결됨","없음",,,"1525:모란","1527:이매",,,,,"37.411324148942","127.128675704162",,
"이매","경기도 성남시 분당구 이매동","031-781-6483",,,,"양쪽","없음","안쪽","왼쪽","연결안됨","없음",,,"1526:야탑","1528:서현",,,,,"37.395525385597","127.128282344134",,
"서현","경기도 성남시 분당구 서현동 263","031-703-7788",,,,"중앙","없음","바깥","왼쪽","연결됨","없음",,,"1527:이매","1529:수내",,,,,"37.3849367387856","127.123266728106",,
"수내","경기도 성남시 분당구 수내동 14번지","031-714-7788",,,,"양쪽","없음","바깥","왼쪽","연결됨","없음",,,"1528:서현","1530:정자",,,,,"37.3785723027023","127.114409213256",,
"정자","경기도 성남시 분당구 정자동 176-1","031-712-7788",,,,"양쪽","없음","바깥","왼쪽","연결됨","없음",,,"1529:수내","1531:미금",,,,,"37.3660449989436","127.108098640709",,
"미금","경기도 성남시 분당구 구미동 507-13번지","031-713-3235",,,,"양쪽","없음","바깥","왼쪽","연결됨","없음",,,"1530:정자","1532:오리",,,,,"37.3500843430284","127.108964423612",,
"오리","경기도 성남시 분당구 구미동 795","031-713-3234",,,,"양쪽","없음","바깥","양쪽","연결됨","없음",,,"1531:미금","1534:죽전",,,,,"37.339839249444","127.108995001817",,
"죽전","경기도 용인시 기흥구 보정동 195-6","031-265-7736",,,,"양쪽","없음","바깥","양쪽","연결됨","없음",,,"1534:죽전","NULL",,,,,"37.3167012489221","127.108049297021",,
"보정","경기도 용인시 수지구 죽전동 1014(수지대로 430)","031-896-9791",,,,"양쪽","없음","바깥","양쪽","연결됨","없음",,,"1532:오리","1533:보정",,,,,"37.3245808162492","127.107392151211",,
"용문","경기도 양평군 용문면 다문2리 737번지","031-773-7788",,,,"양쪽","있음","바깥","오른쪽","연결안됨","없음",,,"1301:원덕","NULL",,,,,"37.4822818206144","127.594759474303",,
"원덕","경기도 양평군 양평읍 원덕리 302-2번지","1544-7788",,,,"양쪽","없음","바깥","왼쪽","연결됨","없음",,,"1302:양평","1300:용문",,,,,"37.4687013766379","127.547158491164",,
"양평","경기도 양평군 양평읍 양근리 137번지","031-774-7788",,,,"양쪽","있음","바깥","왼쪽","연결안됨","없음",,,"1303:아신","1301:원덕",,,,,"37.4928332988542","127.491826240848",,
"아신","경기도 양평군 옥천면 아신3리 산 112-2","1544-7788",,,,"중앙","없음","바깥","왼쪽","연결됨","없음",,,"1304:국수","1302:양평",,,,,"37.5134996454301","127.444685530052",,
"국수","경기도 양평군 양서면 국수리 258-2","031-772-7578",,,,"복선(국철)","있음","바깥","왼쪽","연결됨","없음",,,"1305:신원","1303:아신",,,,,"37.5162701825282","127.399404501721",,
"신원","경기도 양평군 양서면 신원리 480-29번지","1544-7788",,,,"양쪽","있음","바깥","왼쪽","연결됨","없음",,,"1306:양수","1304:국수",,,,,"37.525970944319","127.372615143671",,
"양수","경기도 양평군 양서면 용담리 255","031-772-6006",,,,"복선(국철)","있음","바깥","왼쪽","연결됨","없음",,,"1307:운길산","1305:신원",,,,,"37.5458612004377","127.328935990205",,
"운길산","경기도 남양주시 조안면 진중리 221-1","031-577-7196",,,,"복선(국철)","있음","바깥","왼쪽","연결됨","없음",,,"1308:팔당","1306:양수",,,,,"37.5548786835008","127.309761695305",,
"팔당","경기도 남양주시 와부읍 팔당리 349","031-576-2888",,,,"중앙","없음","바깥","왼쪽","연결됨","없음",,,"1309:도심","1307:운길산",,,,,"37.5473842718792","127.243830359367",,
"도심","경기도 남양주시 와부읍 도곡리","031-521-8675",,,,"중앙","없음","바깥","왼쪽","연결됨","없음",,,"1310:덕소","1308:팔당",,,,,"37.5796321214566","127.222820056285",,
"덕소","경기도 남양주시 와부읍 덕소리 590-17","031-577-7788",,,,"중앙","없음","바깥","왼쪽","연결됨","없음",,,"1311:양정","1309:도심",,,,,"37.5869011045969","127.208851464959",,
"양정","경기도 남양주시 이패동 387","031-559-7786",,,,"양쪽","없음","바깥","왼쪽","연결됨","없음",,,"1312:도농","1310:덕소",,,,,"37.6046797242373","127.194302744266",,
"도농","경기도 남양주시 도농동 56-1","031-563-7788",,,,"양쪽","없음","바깥","왼쪽","연결됨","없음",,,"1313:구리","1311:양정",,,,,"37.6087649188221","127.16111843375",,
"구리","경기도 구리시 인창동 244-1","031-551-7788",,,,"양쪽","없음","바깥","왼쪽","연결됨","없음",,,"1314:양원","1312:도농",,,,,"37.6034143830764","127.143760077197",,
"양원","서울특별시 중랑구 망우1동 237","02-435-7788",,,,"양쪽","없음","바깥","왼쪽","연결됨","없음",,,"1315:망우","1313:구리",,,,,"37.6066466017619","127.108080821625",,
"망우","서울특별시 중랑구 상봉1동 72","02-432-7788",,,,"양쪽","없음","바깥","왼쪽","연결됨","없음",,,"1316:중랑","1314:양원",,,,,"37.5992913607599","127.092336628881",,
"중랑","서울특별시 중랑구 중화2동 321-37","02-436-7785",,,,"양쪽","없음","바깥","왼쪽","연결안됨","없음",,,"1317:회기","1315:망우",,,,,"37.594958260528","127.076173235666",,
"청량리(지상)","서울특별시 동대문구 전농동 588-1","02-3299-7212",,,,"중앙","없음","바깥","오른쪽","연결됨","없음",,,"192:왕십리","1317:회기",,,,,"37.5804644756638","127.048285416398",,
"응봉","서울특별시 성동구 응봉동 246번지","02-2295-6319",,,,"양쪽","없음","안쪽","왼쪽","연결됨","없음",,,"195:옥수","192:왕십리",,,,,"37.5499603460261","127.034492487471",,
"한남","서울특별시 용산구 한남동 511번지","02-798-5710",,,,"양쪽","없음","바깥","왼쪽","연결됨","없음",,,"197:서빙고","195:옥수",,,,,"37.5293676944525","127.008995616558",,
"서빙고","서울특별시 용산구 서빙고동 241번지","02-3780-5442",,,,"양쪽","없음","안쪽","왼쪽","연결됨","없음",,,"198:이촌","196:한남",,,,,"37.5196149678355","126.988377289685",,
"계양","인천광역시 계양구 귤현동 451-118","032-710-9105",,,,"양쪽","없음","바깥","오른쪽","연결됨","없음",,,"NULL","20111:귤현",,,,,"37.5716800110024","126.736794957166",,
"귤현","인천광역시 계양구 귤현동 357","032-515-9104",,,,"양쪽","없음","바깥","오른쪽","연결됨","없음",,,"20110:계양","20112:박촌",,,,,"37.5664077515989","126.742588844607",,
"박촌","인천광역시 계양구 박촌동 110","032-519-3122",,,,"중앙","없음","바깥","왼쪽","연결됨","없음",,,"20111:귤현","20113:임학",,,,,"37.553539736383","126.74500043148",,
"임학","인천광역시 계양구 임학동 27","032-541-3113",,,,"양쪽","없음","바깥","오른쪽","연결됨","없음",,,"20112:박촌","20114:계산",,,,,"37.5450837999763","126.738669247491",,
"계산","인천광역시 계양구 계산동 920-2","032-546-3151",,,,"양쪽","없음","바깥","오른쪽","연결안됨","없음",,,"20113:임학","20115:경인교대입구",,,,,"37.5433019016024","126.727937891538",,
"경인교대입구","인천광역시 계양구 계산동 969-17","032-553-3394",,,,"양쪽","없음","바깥","오른쪽","연결안됨","없음",,,"20114:계산","20116:작전",,,,,"37.5382800917963","126.722637155526",,
"작전","인천광역시 계양구 작전동 886","032-543-3116",,,,"중앙","없음","바깥","왼쪽","연결됨","없음",,,"20115:경인교대입구","20117:갈산",,,,,"37.5302869000527","126.722535755676",,
"갈산","인천광역시 부평구 갈산동158-4","032-511-4245",,,,"양쪽","없음","바깥","오른쪽","연결됨","없음",,,"20116:작전","20118:부평구청",,,,,"37.5170673169942","126.721561863498",,
"부평구청","인천광역시 부평구 청천동 199-3","032-513-3118",,,,"양쪽","없음","바깥","오른쪽","연결됨","없음",,,"20117:갈산","20119:부평시장",,,,,"37.5087224742851","126.720606928461",,
"부평시장","인천광역시 부평구 부평동 529-77","032-512-3119",,,,"양쪽","없음","바깥","오른쪽","연결안됨","없음",,,"20118:부평구청","20120:부평",,,,,"37.4983788009553","126.722287348742",,
"동수","인천광역시 부평구 부평동 713","032-516-3121",,,,"양쪽","없음","바깥","오른쪽","연결됨","없음",,,"20120:부평","20122:부평삼거리",,,,,"37.4854159821651","126.718403462658",,
"부평삼거리","인천광역시 부평구 부평동 770","032-516-3122",,,,"양쪽","없음","바깥","오른쪽","연결됨","없음",,,"20121:동수","20123:간석오거리",,,,,"37.4782747210409","126.710475450917",,
"간석오거리","인천광역시 남동구 간석동 239-3","032-434-3123",,,,"양쪽","없음","바깥","오른쪽","연결됨","없음",,,"20122:부평삼거리","20124:인천시청",,,,,"37.467552227128","126.707980339452",,
"인천시청","인천광역시 남동구 간석동483-1","032-441-3124",,,,"양쪽","없음","바깥","오른쪽","연결안됨","없음",,,"20123:간석오거리","20125:예술회관",,,,,"37.4576228093356","126.702217016024",,
"예술회관","인천광역시 남동구 구월동 1408","032-441-3125",,,,"양쪽","없음","바깥","오른쪽","연결안됨","없음",,,"20124:인천시청","20126:인천터미널",,,,,"37.449311087415","126.701015588688",,
"인천터미널","인천광역시 남구 관교동 14","032-441-3126",,,,"양쪽","없음","바깥","오른쪽","연결됨","없음",,,"20125:예술회관","20127:문학경기장",,,,,"37.4418540517512","126.699697921721",,
"문학경기장","인천광역시 연수구 선학동 117-1","032-441-3127",,,,"양쪽","없음","바깥","오른쪽","연결됨","없음",,,"20126:인천터미널","20128:선학",,,,,"37.4352715830774","126.698433160668",,
"선학","인천광역시 연수구 선학동 254","032-821-3128",,,,"양쪽","없음","바깥","오른쪽","연결됨","없음",,,"20127:문학경기장","20129:신연수",,,,,"37.42696043255","126.698927161992",,
"신연수","인천광역시 연수구 연수동 347","032-813-3129",,,,"중앙","없음","바깥","왼쪽","연결됨","없음",,,"20128:선학","20130:원인재",,,,,"37.418058168855","126.694020024815",,
"원인재","인천광역시 연수구 연수동 119-4","032-816-3130",,,,"양쪽","없음","바깥","오른쪽","연결됨","없음",,,"20129:신연수","20131:동춘",,,,,"37.4123402687264","126.687838612357",,
"동춘","인천광역시 연수구 동춘동 237","032-814-5702",,,,"양쪽","없음","바깥","오른쪽","연결됨","없음",,,"20130:원인재","20132:동막",,,,,"37.4046860285392","126.680957859206",,
"동막","인천광역시 연수구 동춘동 238-1","032-816-5584",,,,"중앙","없음","바깥","양쪽","연결됨","없음",,,"20131:동춘","20133:캠퍼스타운",,,,,"37.3981344058166","126.673607326305",,
"캠퍼스타운","인천광역시 연수구 송도동3-47 일원","032-451-3183",,,,"양쪽","없음","안쪽,바깥쪽","오른쪽","연결됨","없음",,,"20132:동막","20134:테크노파크",,,,,"37.3882013753624","126.662083269194",,
"테크노파크","인천광역시 연수구 송도동7-51일원","032-451-3134",,,,"양쪽","없음","안쪽,바깥쪽","오른쪽","연결됨","없음",,,"20133:캠퍼스타운","20135:지식정보단지",,,,,"37.3823620313309","126.65646213794",,
"지식정보단지","인천광역시 연수구 송도동7-51 일원","032-451-3185",,,,"양쪽","없음","안쪽,바깥쪽","오른쪽","연결됨","없음",,,"20134:테크노파크","20136:인천대입구",,,,,"37.3780194205923","126.64542935779",,
"인천대입구","인천광역시 연수구 송도동48 일원","032-451-3186",,,,"양쪽","없음","안쪽,바깥쪽","오른쪽","연결됨","없음",,,"20135:지식정보단지","20137:센트럴파크",,,,,"37.3862130531181","126.639421527276",,
"센트럴파크","인천광역시 연수구 송도동78 일원","032-451-3187",,,,"양쪽","없음","안쪽,바깥쪽","오른쪽","연결됨","없음",,,"20136:인천대입구","20138:국제업무지구",,,,,"37.3928206823141","126.634988276748",,
"국제업무지구","인천광역시 연수구 송도동78 일원","032-451-3188",,,,"중앙","없음","안쪽,바깥쪽","왼쪽","연결됨","없음",,,"20137:센트럴파크","NULL",,,,,"37.4027310626565","126.628664470636",,
"검암","인천광역시 서구 검암동 414-204 일원","032-745-7788",,,,"양쪽","없음","안쪽,바깥쪽","오른쪽","연결됨","없음",,,"4006:계양","4008:운서",,,,,"37.5692707305222","126.673965882484",,
"운서","인천광역시 중구 운서동 1427-23 일원","032-745-7788",,,,"양쪽","없음","바깥","왼쪽","연결됨","없음",,,"4007:검암","4009:공항화물청사",,,,,"37.4927793967347","126.493858480447",,
"공항화물청사","인천광역시 중구 운서동 2164 일원(인천공항부지 내)","032-745-7788",,,,"양쪽","없음","안쪽,바깥쪽","왼쪽","연결됨","없음",,,"4008:운서","4010:인천국제공항",,,,,"37.458979842806","126.477468907076",,
"인천국제공항","인천광역시 중구 운서동 2851 일원(인천공항 교통센터 내)","032-745-7788",,,,"중앙","있음","바깥","오른쪽","연결됨","없음",,,"4009:공항화물청사","NULL",,,,,"37.4474113261011","126.452513246914",,
"신평","부산광역시 사하구 신평동 646번지","051-292-6955",,,,"양쪽","있음","바깥","오른쪽","연결안됨","없음",,,"NULL","70102:하단",,,,,"35.095546298883","128.960817750118",,
"하단","부산광역시 사하구 하단동 491번지","051-293-5601",,,,"양쪽","있음","바깥","오른쪽","연결안됨","없음",,,"70101:신평","70103:당리",,,,,"35.1062170468057","128.966723827287",,
"당리","부산광역시 사하구 당리동 323번지","051-293-5603",,,,"양쪽","있음","바깥","오른쪽","연결안됨","없음",,,"70102:하단","70104:사하",,,,,"35.10359298696","128.973592088215",,
"사하","부산광역시 사하구 괴정동 661번지","051-293-5602",,,,"양쪽","있음","바깥","오른쪽","연결안됨","없음",,,"70103:당리","70105:괴정",,,,,"35.0997648651285","128.983275248262",,
"괴정","부산광역시 사하구 괴정동 934-3번지","051-293-5604",,,,"양쪽","있음","바깥","오른쪽","연결안됨","없음",,,"70104:사하","70106:대티",,,,,"35.0999063688862","128.992446324076",,
"대티","부산광역시 사하구 괴정동 316-2번지","051-293-5605",,,,"중앙","있음","바깥","왼쪽","연결됨","없음",,,"70105:괴정","70107:서대신",,,,,"35.1030019650099","128.999657334274",,
"서대신","부산광역시 서구 서대신동 2가 336-3번지","051-248-5121",,,,"중앙","있음","바깥","왼쪽","연결됨","없음",,,"70106:대티","70108:동대신",,,,,"35.1107783842858","129.011917703752",,
"동대신","부산광역시 서구 동대신동 2가 376-3번지","051-248-5122",,,,"양쪽","있음","바깥","오른쪽","연결안됨","없음",,,"70107:서대신","70109:토성",,,,,"35.1105051519646","129.017629451884",,
"토성","부산광역시 서구 토성동 3가 11-3번지","051-243-0545",,,,"양쪽","있음","바깥","오른쪽","연결안됨","없음",,,"70108:동대신","70110:자갈치",,,,,"35.1007877682495","129.019800864866",,
"자갈치","부산광역시 중구 남포동 6가 117번지","051-245-6744",,,,"양쪽","있음","바깥","오른쪽","연결안됨","없음",,,"70109:토성","70111:남포",,,,,"35.0974023341088","129.026810926004",,
"남포","부산광역시 중구 남포동 1가 15번지","051-245-6535",,,,"양쪽","있음","바깥","오른쪽","연결안됨","없음",,,"70110:자갈치","70112:중앙",,,,,"35.0978675393944","129.034636828731",,
"중앙","부산광역시 중구 중앙동 4가 89번지","051-462-5857",,,,"중앙","있음","바깥","왼쪽","연결됨","없음",,,"70111:남포","70113:부산역",,,,,"35.1039371900296","129.036369893903",,
"부산역","부산광역시 동구 초량동 1187번지","051-462-5855",,,,"양쪽","있음","바깥","오른쪽","연결안됨","없음",,,"70112:중앙","70114:초량",,,,,"35.1140991714447","129.039153472658",,
"초량","부산광역시 동구 초량동 1142번지","051-462-5884",,,,"양쪽","있음","바깥","오른쪽","연결안됨","없음",,,"70113:부산역","70115:부산진",,,,,"35.120998861907","129.04288355635",,
"부산진","부산광역시 동구 수정동 1170번지","051-462-1926",,,,"양쪽","있음","바깥","오른쪽","연결됨","없음",,,"70114:초량","70116:좌천",,,,,"35.1277971825216","129.047896687398",,
"좌천","부산광역시 동구 좌천동 406번지","051-644-1983",,,,"양쪽","있음","바깥","오른쪽","연결안됨","없음",,,"70115:부산진","70117:범일",,,,,"35.1344998276578","129.054555337613",,
"범일","부산광역시 동구 범일동 947번지","051-644-1984",,,,"양쪽","있음","바깥","오른쪽","연결안됨","없음",,,"70116:좌천","70118:범내골",,,,,"35.1408397844475","129.059355844507",,
"범내골","부산광역시 부산진구 범천동 945-18번지","051-643-1962",,,,"중앙","있음","바깥","왼쪽","연결됨","없음",,,"70117:범일","70119:서면",,,,,"35.1472495111614","129.059263426885",,
"서면","부산광역시부산진구 부전동 573번지","051-803-3431",,,,"양쪽","있음","바깥","오른쪽","연결됨","없음",,,"70118:범내골","70120:부전",,,,,"35.1583606056022","129.059616186065",,
"부전","부산광역시부산진구 부전동 914번지","051-803-3432",,,,"양쪽","있음","바깥","오른쪽","연결안됨","없음",,,"70119:서면","70121:양정",,,,,"35.1623616446582","129.062829363829",,
"양정","부산광역시부산진구 양정동 408번지","051-864-4971",,,,"양쪽","있음","바깥","오른쪽","연결됨","없음",,,"70120:부전","70122:시청",,,,,"35.1730587330747","129.071279003862",,
"시청","부산광역시 연제구 연산동 1444번지","051-864-4972",,,,"양쪽","있음","바깥","오른쪽","연결됨","없음",,,"70121:양정","70123:연산",,,,,"35.1800580334956","129.076860364762",,
"연산","부산광역시 연제구 연산동1515-1번지","051-864-4771",,,,"양쪽","있음","바깥","오른쪽","연결됨","없음",,,"70122:시청","70124:교대",,,,,"35.1866869601986","129.081493523919",,
"교대","부산광역시 연제구 거제동 72-25번지","051-502-4973",,,,"양쪽","있음","바깥","오른쪽","연결안됨","없음",,,"70123:연산","70125:동래",,,,,"35.1958497577309","129.07995699804",,
"동래","부산광역시 동래구명륜동 511-2번지","051-553-5402",,,,"양쪽","있음","바깥","오른쪽","연결안됨","없음",,,"70124:교대","70126:명륜",,,,,"35.2055978690712","129.078482814487",,
"명륜","부산광역시 동래구 명륜동 721-2번지","051-553-5403",,,,"양쪽","있음","바깥","오른쪽","연결안됨","없음",,,"70125:동래","70127:온천장",,,,,"35.2125370121827","129.079662037665",,
"온천장","부산광역시 동래구 온천동 156-1번지","051-512-7407",,,,"양쪽","있음","바깥","오른쪽","연결안됨","없음",,,"70126:명륜","70128:부산대",,,,,"35.2206054106681","129.086590252088",,
"부산대","부산광역시 금정구 장전동 655-9번지","051-512-7401",,,,"양쪽","있음","바깥","오른쪽","연결안됨","없음",,,"70127:온천장","70129:장전",,,,,"35.2299099499568","129.089340001492",,
"장전","부산광역시 금정구 장전동 429번지","051-512-7402",,,,"양쪽","있음","바깥","오른쪽","연결안됨","없음",,,"70128:부산대","70130:구서",,,,,"35.2380243416817","129.088119255905",,
"구서","부산광역시 금정구 구서동 475번지","051-512-7403",,,,"양쪽","있음","바깥","오른쪽","연결안됨","없음",,,"70129:장전","70131:두실",,,,,"35.2472888870276","129.091297811226",,
"두실","부산광역시 금정구 구서동 282번지","051-512-7404",,,,"양쪽","있음","바깥","오른쪽","연결안됨","없음",,,"70130:구서","70132:남산",,,,,"35.2570588176701","129.091406954629",,
"남산","부산광역시 금정구 남산동 136번지","051-512-7405",,,,"양쪽","있음","바깥","오른쪽","연결안됨","없음",,,"70131:두실","70133:범어사",,,,,"35.2651347273811","129.092449558431",,
"범어사","부산광역시 금정구 청룡동 47번지","051-508-5406",,,,"양쪽","있음","바깥","오른쪽","연결안됨","없음",,,"70132:남산","70134:노포",,,,,"35.2733624716933","129.092648098938",,
"노포","부산광역시 금정구 노포동 133번지","051-508-0504",,,,"중앙","있음","바깥","오른쪽","연결됨","없음",,,"70133:범어사","NULL",,,,,"35.2832597409281","129.09461700463",,
"장산","부산광역시 해운대구 좌동 1422번지","051-704-8934",,,,"중앙","있음","바깥","왼쪽","연결됨","없음",,,"NULL","70202:중동",,,,,"35.1698968662304","129.176806946272",,
"중","부산광역시 해운대구 중동 1290번지","051-746-5020",,,,"중앙","있음","바깥","오른쪽","연결됨","없음",,,"70201:장산","70203:해운대",,,,,"35.1666880301098","129.168429200822",,
"해운대","부산광역시 해운대구 우동 539번지","051-746-5021",,,,"중앙","있음","바깥","오른쪽","연결됨","없음",,,"70202:중동","70204:동백",,,,,"35.1635898331264","129.158791386012",,
"동백","부산광역시 해운대구 우동 988번지","051-746-3596",,,,"중앙","있음","바깥","오른쪽","연결됨","없음",,,"70203:해운대","70205:시립미술관",,,,,"35.1614490558659","129.147916489869",,
"시립미술관","부산광역시 해운대구 우동 1090-2번지","051-746-3597",,,,"중앙","있음","바깥","오른쪽","연결됨","없음",,,"70204:동백","70206:센텀시티",,,,,"35.1691730877428","129.138463980814",,
"센텀시티","부산광역시 해운대구 우동 1291-27번지","051-746-3598",,,,"중앙","있음","바깥","오른쪽","연결됨","없음",,,"70205:시립미술관","70207:민락",,,,,"35.1689036708035","129.131632381324",,
"민락","부산광역시 수영구 수영동 345-1번지","051-753-4751",,,,"중앙","있음","바깥","오른쪽","연결됨","없음",,,"70206:센텀시티","70208:수영",,,,,"35.1671910924747","129.121948851875",,
"수영","부산광역시 수영구 광안동 1077번지","051-753-4752",,,,"중앙","있음","바깥","왼쪽","연결됨","없음",,,"70207:민락","70209:광안",,,,,"35.1654728265991","129.114757374822",,
"광안","부산광역시 수영구 광안동 143번지","051-759-9465",,,,"중앙","있음","바깥","오른쪽","연결됨","없음",,,"70208:수영","70210:금련산",,,,,"35.1579159725558","129.113150452857",,
"금련산","부산광역시 수영구 남천동 40번지","051-625-7251",,,,"중앙","있음","바깥","오른쪽","연결됨","없음",,,"70209:광안","70211:남천",,,,,"35.1498594065019","129.110988307442",,
"남천","부산광역시 수영구 남천동 19번지","051-626-7610",,,,"중앙","있음","바깥","오른쪽","연결됨","없음",,,"70210:금련산","70212:경성대.부경대",,,,,"35.1422247076724","129.108031259885",,
"경성대.부경대","부산광역시 남구 대연동 55번지","051-628-8513",,,,"중앙","있음","바깥","오른쪽","연결됨","없음",,,"70211:남천","70213:대연",,,,,"35.1375881065409","129.10050666282",,
"대연","부산광역시 남구 대연동 1740번지","051-628-0034",,,,"중앙","있음","바깥","오른쪽","연결됨","없음",,,"70212:경성대.부경대","70214:못골",,,,,"35.1351583726737","129.092101714207",,
"못골","부산광역시 남구 대연동 1767번지","051-647-8429",,,,"중앙","있음","바깥","오른쪽","연결됨","없음",,,"70213:대연","70215:지게골",,,,,"35.134713403462","129.084447792431",,
"지게골","부산광역시 남구 문현동 254번지","051-644-4296",,,,"중앙","있음","바깥","오른쪽","연결됨","없음",,,"70214:못골","70216:문현",,,,,"35.1355959781015","129.074430345572",,
"문현","부산광역시 남구문현동 517번지","051-646-8523",,,,"중앙","있음","바깥","오른쪽","연결됨","없음",,,"70215:지게골","70217:문전",,,,,"35.1391108329854","129.067365884717",,
"문전","부산광역시 남구 문현동 651번지","051-645-9763",,,,"중앙","있음","바깥","왼쪽","연결됨","없음",,,"70216:문현","70218:전포",,,,,"35.1459667361182","129.066764137629",,
"전포","부산광역시 부산진구 전포동 345번지","051-817-6974",,,,"중앙","있음","바깥","오른쪽","연결됨","없음",,,"70217:문전","70219:서면",,,,,"35.1530729381385","129.065375360658",,
"부암","부산광역시 부산진구 부암동 707번지","051-819-4190",,,,"중앙","있음","바깥","오른쪽","연결됨","없음",,,"70219:서면","70221:가야",,,,,"35.1574491901319","129.05042858756",,
"가야","부산광역시 부산진구 가야동 48번지","051-894-7181",,,,"중앙","있음","바깥","오른쪽","연결됨","없음",,,"70220:부암","70222:동의대",,,,,"35.1559079333704","129.043120952121",,
"동의대","부산광역시 부산진구 가야동 221번지","051-893-2738",,,,"중앙","있음","바깥","오른쪽","연결됨","없음",,,"70221:가야","70223:개금",,,,,"35.1541460558964","129.033099869802",,
"개금","부산광역시 부산진구 개금동 204번지","051-898-0868",,,,"양쪽","있음","바깥","오른쪽","연결안됨","없음",,,"70222:동의대","70224:냉정",,,,,"35.1533073487036","129.020401840023",,
"냉정","부산광역시 사상구 주례동 60번지","051-317-3624",,,,"양쪽","있음","바깥","오른쪽","연결안됨","없음",,,"70223:개금","70225:주례",,,,,"35.1512401171109","129.01217766543",,
"주례","부산광역시 사상구 주례동 1163번지","051-315-8506",,,,"양쪽","있음","바깥","오른쪽","연결안됨","없음",,,"70224:냉정","70226:감전",,,,,"35.1505037950919","129.003180077786",,
"감전","부산광역시 사상구 감전동 136번지","051-313-5265",,,,"양쪽","있음","바깥","오른쪽","연결됨","없음",,,"70225:주례","70227:사상",,,,,"35.155295960764","128.991550002865",,
"사상","부산광역시 사상구 괘법동 535번지","051-315-8503",,,,"양쪽","있음","바깥","오른쪽","연결안됨","없음",,,"70226:감전","70228:덕포",,,,,"35.1625189260908","128.984590838736",,
"덕포","부산광역시 사상구 덕포동 417번지","051-305-5730",,,,"양쪽","있음","바깥","오른쪽","연결안됨","없음",,,"70227:사상","70229:모덕",,,,,"35.1732344381982","128.983743158313",,
"모덕","부산광역시 사상구 덕포동 247-7번지","051-302-5730",,,,"양쪽","있음","바깥","오른쪽","연결안됨","없음",,,"70228:덕포","70230:모라",,,,,"35.1803763507395","128.985607921544",,
"모라","부산광역시 사상구 모라동 986번지","051-304-4278",,,,"양쪽","있음","바깥","오른쪽","연결안됨","없음",,,"70229:모덕","70231:구남",,,,,"35.1896629232178","128.988651932821",,
"구남","부산광역시 북구 구포동 산42-20번지","051-342-4603",,,,"중앙","있음","바깥","오른쪽","연결됨","없음",,,"70230:모라","70232:구명",,,,,"35.1968314004177","128.994954248202",,
"구명","부산광역시 북구 구포동 986번지","051-338-2761",,,,"양쪽","있음","바깥","오른쪽","연결안됨","없음",,,"70231:구남","70233:덕천",,,,,"35.2027879274469","128.999529600824",,
"덕천","부산광역시 북구 덕천동 327번지","051-333-6328",,,,"양쪽","있음","바깥","오른쪽","연결안됨","없음",,,"70232:구명","70234:수정",,,,,"35.210872493995","129.005076410389",,
"수정","부산광역시 북구 화명동 942-10번지","051-338-9359",,,,"양쪽","있음","바깥","오른쪽","연결됨","없음",,,"70233:덕천","70235:화명",,,,,"35.2230081581331","129.009048900724",,
"화명","부산광역시 북구 화명동 1458번지","051-341-5986",,,,"양쪽","있음","바깥","오른쪽","연결안됨","없음",,,"70234:수정","70236:율리",,,,,"35.2356050429017","129.013896283511",,
"율리","부산광역시 북구 금곡동 1246번지","051-342-5394",,,,"양쪽","있음","바깥","오른쪽","연결안됨","없음",,,"70235:화명","70237:동원",,,,,"35.2461236774074","129.012884668143",,
"동원","부산광역시 북구 금곡동 882-7번지","051-337-1464",,,,"양쪽","있음","바깥","오른쪽","연결안됨","없음",,,"70236:율리","70238:금곡",,,,,"35.2591730589299","129.01320109294",,
"금곡","부산광역시 북구 금곡동 581-1번지","051-362-2514",,,,"양쪽","있음","바깥","오른쪽","연결안됨","없음",,,"70237:동원","70239:호포",,,,,"35.267210687165","129.016741360984",,
"호포","경상남도 양산시 동면 가산리  546번지","055-388-8845",,,,"중앙","있음","바깥","왼쪽","연결됨","없음",,,"70238:금곡","70241:부산대양산캠퍼스",,,,,"35.2811416867259","129.017256483448",,
"부산대양산캠퍼스","경남 양산시 물금읍 범어리","055-381-2227",,,,"양쪽","없음","바깥","오른쪽","연결됨","있음",,,"70239:호포","70242:남양산",,,,,"35.3168276415816","129.013986711145",,
"남양산","경상남도 양산시 물금읍 범어리 2383번지","055-381-2224",,,,"양쪽","없음","안쪽","오른쪽","연결됨","없음",,,"70241:부산대양산캠퍼스","70243:양산",,,,,"35.3253718186253","129.019438807962",,
"양산","경상남도 양산시 중부동 475-1번지","055-381-2225",,,,"양쪽","없음","바깥","오른쪽","연결안됨","없음",,,"70242:남양산","NULL",,,,,"35.3389759620437","129.026595100757",,
"망미","부산광역시 수영구 수영동 1027","051-755-2208",,,,"양쪽","없음","바깥","오른쪽","연결됨","없음",,,"70301:수영","70303:배산",,,,,"35.1715730693628","129.108122437614",,
"배산","부산광역시 연제구 연산동 1802","051-852-4165",,,,"양쪽","없음","바깥","오른쪽","연결됨","없음",,,"70302:망미","70304:물만골",,,,,"35.1735088162388","129.095502202953",,
"물만골","부산광역시 연제구 연산2동 787-20번지","051-851-4265",,,,"양쪽","없음","바깥","오른쪽","연결됨","없음",,,"70303:배산","70305:연산",,,,,"35.1764711877792","129.08585913085",,
"거제","부산광역시 연제구 거제동 37","051-853-4265",,,,"양쪽","없음","바깥","오른쪽","연결안됨","없음",,,"70305:연산","70307:종합운동장",,,,,"35.1885666198546","129.073876417699",,
"종합운동장","부산광역시 연제구 거제동 905","051-503-4265",,,,"양쪽","없음","바깥","오른쪽","연결됨","없음",,,"70306:거제","70308:사직",,,,,"35.19112574819","129.067859989219",,
"사직","부산광역시 동래구 사직동 161","051-505-2208",,,,"양쪽","없음","바깥","오른쪽","연결안됨","없음",,,"70307:종합운동장","70309:미남",,,,,"35.1985856356242","129.065201440947",,
"미남","부산광역시 동래구 온천동 1412-1","051-501-4365",,,,"중앙","없음","바깥","왼쪽","연결됨","없음",,,"70308:사직","70310:만덕",,,,,"35.2054292852198","129.068025503125",,
"만덕","부산광역시 북구 만덕동 202-5","051-342-4365",,,,"중앙","없음","바깥","왼쪽","연결됨","없음",,,"70309:미남","70311:남산정",,,,,"35.2129789314541","129.03637187976",,
"남산정","부산광역시 북구 만덕동 4706-6","051-343-4365",,,,"양쪽","없음","바깥","오른쪽","연결안됨","없음",,,"70310:만덕","70312:숙등",,,,,"35.213336754629","129.023998206669",,
"숙등","부산광역시 북구 덕천동 642","051-361-4365",,,,"양쪽","없음","바깥","오른쪽","연결됨","없음",,,"70311:남산정","70313:덕천",,,,,"35.2121108973153","129.013296146951",,
"구포","부산광역시 북구 구포동 1157","051-364-4365",,,,"양쪽","없음","바깥","오른쪽","연결안됨","없음",,,"70313:덕천","70315:강서구청",,,,,"35.2067347799328","128.996404095249",,
"강서구청","부산광역시 강서구 대저1동 2328","051-971-4165",,,,"양쪽","없음","바깥","오른쪽","연결안됨","없음",,,"70314:구포","70316:체육공원",,,,,"35.2112334440759","128.981994386793",,
"체육공원","부산광역시 강서구 대저1동 2140","051-973-4165",,,,"양쪽","없음","바깥","오른쪽","연결안됨","없음",,,"70315:강서구청","70317:대저",,,,,"35.2124972624491","128.969477692629",,
"대저","부산광역시 강서구 대저1동 1503","051-972-4265",,,,"중앙","없음","바깥","왼쪽","연결됨","없음",,,"70316:체육공원","NULL",,,,,"35.2133576715675","128.961063655013",,
"대곡","대구광역시 달서구 대곡동 30-1번지","053-644-7723",,,,"양쪽","없음","바깥","오른쪽","연결됨","없음",,,"NULL","40118:진천",,,,,"35.8094888534329","128.512575951268",,
"진천","대구광역시 달서구 진천동 616-1번지","053-642-7723",,,,"양쪽","없음","바깥","오른쪽","연결됨","없음",,,"40117:대곡","40119:월배",,,,,"35.8138171655507","128.522574206731",,
"월배","대구광역시 달서구 진천동 808-9번지","053-642-7732",,,,"양쪽","없음","바깥","오른쪽","연결됨","없음",,,"40118:진천","40120:상인",,,,,"35.8162697339531","128.530569066116",,
"상인","대구광역시 달서구 상인동 729-4번지","053-642-7745",,,,"양쪽","없음","바깥","오른쪽","연결됨","없음",,,"40119:월배","40121:월촌",,,,,"35.8189592345828","128.537868824409",,
"월촌","대구광역시 달서구 송현동 2041번지","053-626-7710",,,,"양쪽","없음","바깥","오른쪽","연결됨","없음",,,"40120:상인","40122:송현",,,,,"35.8235404209607","128.545314848734",,
"송현","대구광역시 달서구 송현동 950번지","053-626-7730",,,,"양쪽","없음","바깥","오른쪽","연결됨","없음",,,"40121:월촌","40123:성당못",,,,,"35.8310641716569","128.55174177152",,
"성당못","대구광역시 남구 대명동 1044-2번지","053-651-7736",,,,"양쪽","없음","바깥","오른쪽","연결됨","없음",,,"40122:송현","40124:대명",,,,,"35.8370963435913","128.557096807649",,
"대명","대구광역시 남구 대명동 1291번지","053-627-7746",,,,"양쪽","없음","바깥","오른쪽","연결됨","없음",,,"40123:성당못","40125:안지랑",,,,,"35.8392924378244","128.565469595512",,
"안지랑","대구광역시 남구 대명동 642-91번지","053-626-7747",,,,"양쪽","없음","바깥","오른쪽","연결됨","없음",,,"40124:대명","40126:현충로",,,,,"35.8392344364572","128.573881914917",,
"현충로","대구광역시 남구 대명동 1291번지","053-651-7756",,,,"양쪽","없음","바깥","오른쪽","연결됨","없음",,,"40125:안지랑","40127:영대병원",,,,,"35.8409018336561","128.581377011136",,
"영대병원","대구광역시 남구 대명동 224번지","053-626-7760",,,,"양쪽","없음","바깥","오른쪽","연결됨","없음",,,"40126:현충로","40128:교대",,,,,"35.8442573319298","128.588242862124",,
"교대","대구광역시 남구 대명동 232번지","053-473-7702",,,,"양쪽","없음","바깥","오른쪽","연결됨","없음",,,"40127:영대병원","40129:명덕",,,,,"35.8510957855736","128.590607329631",,
"명덕","대구광역시 중구 남산동 2321번지","053-255-7723",,,,"양쪽","없음","바깥","오른쪽","연결됨","없음",,,"40128:교대","40130:반월당",,,,,"35.8581500642789","128.591235518504",,
"중앙로","대구광역시 중구 남일동 143-1번지","053-256-7746",,,,"양쪽","없음","바깥","오른쪽","연결됨","없음",,,"40130:반월당","40132:대구역",,,,,"35.8708992505895","128.593977072269",,
"안심","대구광역시 동구 괴전동 536-1번지","053-963-7769",,,,"중앙","없음","바깥","왼쪽","연결됨","없음",,,"40145:각산","NULL",,,,,"35.8712069317883","128.733730315021",,
"각산","대구광역시 동구 각산동 627-17번지","053-963-7754",,,,"양쪽","없음","바깥","오른쪽","연결됨","없음",,,"40144:반야월","40146:안심",,,,,"35.8678597822018","128.723888496331",,
"반야월","대구광역시 동구 동호동 207-11번지","053-962-7798",,,,"양쪽","없음","바깥","오른쪽","연결됨","없음",,,"40143:신기","40145:각산",,,,,"35.8659658231275","128.713562277256",,
"신기","대구광역시 동구 신기동 226-2번지","053-962-7773",,,,"양쪽","없음","바깥","오른쪽","연결됨","없음",,,"40142:율하","40144:반야월",,,,,"35.8667299818804","128.701676617589",,
"율하","대구광역시 동구 율하동 840-27번지","053-962-7729",,,,"양쪽","없음","바깥","오른쪽","연결됨","없음",,,"40141:용계","40143:신기",,,,,"35.8695654007332","128.693020028335",,
"용계","대구광역시 동구 용계동 405-4번지","053-985-7798",,,,"양쪽","없음","바깥","오른쪽","연결됨","없음",,,"40140:방촌","40142:율하",,,,,"35.8762187153181","128.681737853055",,
"방촌","대구광역시 동구 방촌동 857-19번지","053-984-7716",,,,"양쪽","없음","바깥","오른쪽","연결됨","없음",,,"40139:해안","40141:용계",,,,,"35.8796909097135","128.670172203366",,
"해안","대구광역시 동구 방촌동 1139-1번지","053-981-7775",,,,"양쪽","없음","바깥","오른쪽","연결됨","없음",,,"40138:동촌","40140:방촌",,,,,"35.8835156875895","128.659848917495",,
"등촌","대구광역시 동구 검사동 1104번지","053-981-7731",,,,"양쪽","없음","바깥","오른쪽","연결됨","없음",,,"40137:아양교","40139:해안",,,,,"35.8861465376296","128.650135112322",,
"아양교","대구광역시 동구 신암동 1584번지","053-942-7724",,,,"양쪽","없음","바깥","오른쪽","연결안됨","없음",,,"40136:큰고개","40138:동촌",,,,,"35.8871488423255","128.639742958187",,
"큰고개","대구광역시 동구 신암동 369번지","053-942-7721",,,,"양쪽","없음","바깥","오른쪽","연결됨","없음",,,"40135:동대구역","40137:아양교",,,,,"35.8843589042616","128.632166898997",,
"동대구역","대구광역시 동구 신천4동 329-5번지","053-742-7787",,,,"양쪽","없음","바깥","오른쪽","연결안됨","없음",,,"40134:신천","40136:큰고개",,,,,"35.8774163243167","128.627482406426",,
"신천","대구광역시 동구 신천동 741번지","053-756-7706",,,,"양쪽","없음","바깥","오른쪽","연결됨","없음",,,"40133:칠성시장","40135:동대구역",,,,,"35.8746195742244","128.617582052954",,
"칠성시장","대구광역시 북구 칠성동 276-14번지","053-427-7751",,,,"양쪽","없음","바깥","오른쪽","연결됨","없음",,,"40132:대구역","40134:신천",,,,,"35.8761250669651","128.605157113963",,
"대구역","대구광역시 북구 칠성동 302-94번지","053-426-7797",,,,"양쪽","없음","바깥","오른쪽","연결됨","없음",,,"40131:중앙로","40133:칠성시장",,,,,"35.8763098199121","128.597074122443",,
"사월","대구광역시 수성구 사월동 406-2","053-795-0767",,,,"중앙","있음","바깥","왼쪽","연결됨","없음",,,"40240:신매","NULL",,,,,"35.8369761313279","128.715626562713",,
"신매","대구광역시 수성구 신매동 567","053-791-0898",,,,"양쪽","없음","바깥","오른쪽","연결됨","없음",,,"40239:고산","40241:사월",,,,,"35.840870317825","128.704890968533",,
"고산","대구광역시 수성구 시지동 181","053-791-0858",,,,"양쪽","없음","바깥","오른쪽","연결됨","없음",,,"40238:대공원","40240:신매",,,,,"35.8429397273982","128.693142104766",,
"대공원","대구광역시 수성구 연호동 186-5","053-791-0881",,,,"양쪽","있음","바깥","오른쪽","연결됨","없음",,,"40237:연호","40239:고산",,,,,"35.8427356776875","128.679978342678",,
"연호","대구광역시 수성구 연호동 22-1","053-791-0922",,,,"중앙","없음","바깥","왼쪽","연결됨","없음",,,"40236:담티","40238:대공원",,,,,"35.8467592133571","128.671333596432",,
"담티","대구광역시 수성구 만촌동 360","053-752-0959",,,,"중앙","없음","바깥","왼쪽","연결됨","없음",,,"40235:만촌","40237:연호",,,,,"35.8548141156583","128.653919756895",,
"만촌","대구광역시 수성구 만촌동 1037-4","053-751-0287",,,,"중앙","없음","바깥","왼쪽","연결됨","없음",,,"40234:수성구청","40236:담티",,,,,"35.8589193536965","128.64481908678",,
"수성구청","대구광역시 수성구 범어동 198-6","053-756-7822",,,,"중앙","있음","바깥","왼쪽","연결됨","없음",,,"40233:범어","40235:만촌",,,,,"35.8588513187592","128.635617648122",,
"범어","대구광역시 수성구 범어동 561-4번지","053-756-9376",,,,"중앙","있음","바깥","왼쪽","연결됨","없음",,,"40232:대구은행","40234:수성구청",,,,,"35.8592628552346","128.624194502796",,
"대구은행","대구광역시 수성구2가 118-1번지","053-752-0206",,,,"중앙","없음","바깥","왼쪽","연결됨","없음",,,"40231:경대병원","40233:범어",,,,,"35.8597846960923","128.613901448207",,
"경대병원","대구광역시 중구 삼덕2가 271번지","053-427-0523",,,,"중앙","없음","바깥","왼쪽","연결됨","없음",,,"40230:반월당","40232:대구은행",,,,,"35.8630828526049","128.603385752216",,
"반월당","대구광역시 중구 남산동 913-1번지","053-252-0689",,,,"중앙","없음","바깥","왼쪽","연결됨","없음",,,"40229:서문시장","40231:경대병원",,,,,"35.8657160967257","128.592266271598",,
"서문시장","대구광역시 중구 동산동 645","053-256-7728",,,,"중앙","없음","바깥","왼쪽","연결됨","없음",,,"40228:반고개","40230:반월당",,,,,"35.8650943639637","128.583037852203",,
"반고개","대구광역시 달서구 두류동 1196-1","053-655-1196",,,,"중앙","없음","바깥","왼쪽","연결됨","없음",,,"40227:내당","40229:서문시장",,,,,"35.8623920525751","128.573351635102",,
"내당","대구광역시 서구 내당동 63-1","053-656-6038",,,,"중앙","없음","바깥","왼쪽","연결됨","없음",,,"40226:두류","40228:반고개",,,,,"35.8602946383742","128.565198344262",,
"두류","대구광역시 달서구 두류동 470-1","053-628-3663",,,,"중앙","있음","바깥","왼쪽","연결됨","없음",,,"40225:감삼","40227:내당",,,,,"35.8568645685184","128.554699974864",,
"감삼","대구광역시 달서구 감삼동 103-2","053-552-2856",,,,"중앙","없음","바깥","왼쪽","연결됨","없음",,,"40224:죽전","40226:두류",,,,,"35.8543262262855","128.548083639025",,
"죽전","대구광역시 달서구 죽전동 284-8","053-556-0292",,,,"중앙","없음","바깥","왼쪽","연결됨","없음",,,"40223:용산","40225:감삼",,,,,"35.8507449179877","128.538814645378",,
"용산","대구광역시 달서구 용산동 230-1","053-553-3598",,,,"중앙","없음","바깥","왼쪽","연결됨","없음",,,"40222:이곡","40224:죽전",,,,,"35.8490345905729","128.528197249896",,
"이곡","대구광역시 달서구 이곡동 1220-20","053-582-6214",,,,"중앙","없음","바깥","왼쪽","연결됨","없음",,,"40221:성서공단","40223:용산",,,,,"35.850581900487","128.516472290316",,
"성서공단","대구광역시 달서구 신당동 1844-3","053-582-6215",,,,"중앙","없음","바깥","왼쪽","연결됨","없음",,,"40220:계명대","40222:이곡",,,,,"35.851814385425","128.506460899116",,
"계명대","대구광역시 달서구 신당동 1831-8","053-588-0990",,,,"양쪽","있음","바깥","오른쪽","연결안됨","없음",,,"40219:강창","40221:성서공단",,,,,"35.8515156017704","128.491634749097",,
"강창","대구광역시 달서구 호산동 465-3","053-585-0660",,,,"양쪽","있음","바깥","오른쪽","연결안됨","없음",,,"40218:대실","40220:계명대",,,,,"35.8530529535281","128.479255423548",,
"대실","대구광역시 달성군 다사읍 죽곡리 109-2","053-587-1933",,,,"양쪽","없음","바깥","오른쪽","연결됨","없음",,,"40217:다사","40219:강창",,,,,"35.8573340140405","128.465607401414",,
"다사","대구광역시 달성군 다사읍 매곡리 505","053-588-6680",,,,"양쪽","없음","바깥","오른쪽","연결됨","없음",,,"40216:문양","40218:대실",,,,,"35.8649424246374","128.458288476874",,
"문양","대구광역시 달성군 다사읍 문양리 414","053-584-6826",,,,"중앙","없음","바깥","왼쪽","연결됨","없음",,,"NULL","40217:다사",,,,,"35.8640569581814","128.437167341369",,
"녹동","광주광역시 동구 용산동","062-604-8400",,,,"기타","없음","안쪽","오른쪽","기타","없음",,,"NULL","50111:소태",,,,,"35.1068743980754","126.9345656636",,
"소태","광주광역시 동구 소태동 664-1","062-604-8410",,,,"양쪽","있음","안쪽","양쪽","연결됨","있음",,,"50110:녹동","50112:학동.증심사입구",,,,,"35.1236296671609","126.932318137531",,
"학동.증심사입구","광주광역시 동구 학동 870-2","062-604-8420",,,,"양쪽","없음","바깥","오른쪽","연결됨","있음",,,"50111:소태","50113:남광주",,,,,"35.1328700238692","126.928346352779",,
"남광주","광주광역시 동구 학동 994","062-604-8430",,,,"양쪽","없음","바깥","오른쪽","연결안됨","있음",,,"50112:학동.증심사입구","50114:문화전당",,,,,"35.1394557221537","126.922861276852",,
"문화전당(구도청)","광주광역시 동구 광산동 13","062-604-8440",,,,"중앙","있음","안쪽","왼쪽","연결됨","있음",,,"50113:남광주","50115:금남로4가",,,,,"35.1464341458584","126.920003938792",,
"금남로4가","광주광역시 동구 금남로4가 21-8","062-604-8450",,,,"중앙","있음","안쪽","왼쪽","연결됨","있음",,,"50114:문화전당","50116:금남로5가",,,,,"35.1507923684365","126.914448025828",,
"금남로5가","광주광역시 북구 북동 290","062-604-8460",,,,"양쪽","있음","안쪽","오른쪽","연결됨","있음",,,"50115:금남로4가","50117:양동시장",,,,,"35.1540652967146","126.909520604518",,
"양동시장","광주광역시 서구 양동 5","062-604-8470",,,,"양쪽","없음","바깥","오른쪽","연결됨","있음",,,"50116:금남로5가","50118:돌고개",,,,,"35.154333822402","126.90131845992",,
"돌고개","광주광역시 남구 월산동 666-22","062-604-8480",,,,"양쪽","없음","안쪽","오른쪽","연결됨","있음",,,"50117:양동시장","50119:농성",,,,,"35.1516522954472","126.89487923777",,
"농성","광주광역시 서구 농성동 483-11","062-604-8490",,,,"양쪽","없음","안쪽","오른쪽","연결됨","있음",,,"50118:돌고개","50120:화정",,,,,"35.1533005141374","126.883903766065",,
"화정","광주광역시 서구 화정동 791","062-604-8500",,,,"양쪽","없음","안쪽","오른쪽","연결됨","있음",,,"50119:농성","50121:쌍촌",,,,,"35.1519725961521","126.876755218657",,
"쌍촌","광주광역시 서구 쌍촌동 884","062-604-8510",,,,"양쪽","없음","안쪽","오른쪽","연결됨","있음",,,"50120:화정","50122:운천",,,,,"35.1516261337895","126.869538477726",,
"운천(호남대입구)","광주광역시 서구 쌍촌동 1006","062-604-8520",,,,"양쪽","없음","안쪽","오른쪽","연결됨","있음",,,"50121:쌍촌","50123:상무",,,,,"35.1505141708758","126.858601029929",,
"상무","광주광역시 서구 마륵동 164-3","062-604-8530",,,,"양쪽","있음","안쪽","오른쪽","연결됨","있음",,,"50122:운천","50124:김대중컨벤션센터",,,,,"35.146678105943","126.848514339806",,
"김대중컨벤션센터(마륵)","광주광역시 서구 마륵동 170-40","062-604-8541",,,,"양쪽","있음","바깥","오른쪽","연결됨","없음",,,"50123:상무","50125:공항",,,,,"35.143221769831","126.841462943065",,
"공항","광주광역시 광산구 신촌동 1176","062-604-8551",,,,"양쪽","있음","바깥","오른쪽","연결됨","없음",,,"50124:김대중컨벤션센터","50126:송정공원",,,,,"35.1440891849014","126.811854205779",,
"송정공원","광주광역시 광산구 신촌동 1090-13","062-604-8561",,,,"양쪽","있음","바깥","오른쪽","연결됨","없음",,,"50125:공항","50127:송정리",,,,,"35.1435606931755","126.799373754317",,
"송정리","광주광역시 광산구 송정동 1033-11","지하철 : 062-604-8571/철도 : 1544-7788",,,,"양쪽","있음","바깥","오른쪽","연결됨","없음",,,"50126:송정공원","50128:도산",,,,,"35.1375695287916","126.791506248238",,
"도산","광주광역시 광산구 도산동 1308","062-604-8581",,,,"양쪽","있음","안쪽,바깥쪽","오른쪽","연결됨","없음",,,"50127:송정리","50129:평동",,,,,"35.1317105925508","126.787895111421",,
"평동","광주광역시 광산구 월전동 41-1","062-604-8591",,,,"양쪽","있음","바깥","오른쪽","연결안됨","없음",,,"50128:도산","NULL",,,,,"35.124756642315","126.769555464936",,
"판암(대전대)","대전광역시 동구 판암동 310-7","042-274-3101",,,,"양쪽","있음","안쪽","오른쪽","연결됨","없음",,,"NULL","30102:신흥",,,,,"36.3169023310194","127.458260981424",,
"신흥","대전광역시 동구 판암동 611 일원","042-274-3102",,,,"양쪽","없음","바깥","오른쪽","연결됨","없음",,,"30101:판암","30103:대동",,,,,"36.3197597441318","127.448474150992",,
"대동(우송대)","대전광역시 동구 대동 165 일원","042-625-3103",,,,"중앙","있음","바깥","왼쪽","연결됨","없음",,,"30102:신흥","30104:대전역",,,,,"36.3294675447238","127.442903582608",,
"대전역","대전광역시 동구 중동 77 일원","042-222-3104",,,,"중앙","없음","바깥","왼쪽","연결됨","없음",,,"30103:대동","30105:중앙로",,,,,"36.3315486234709","127.433120231678",,
"중앙로","대전광역시 중구 은행동 137 일원","042-226-3105",,,,"양쪽","없음","바깥","오른쪽","연결됨","없음",,,"30104:대전역","30106:중구청",,,,,"36.3286659691346","127.425834395861",,
"중구청(충남도청)","대전광역시 중구 대흥동 522 일원","042-226-3106",,,,"중앙","있음","바깥","왼쪽","연결됨","없음",,,"30105:중앙로","30107:서대전네거리",,,,,"36.3248327616686","127.419625357453",,
"서대전네거리","대전광역시 중구 용두동 18 일원","042-222-3107",,,,"중앙","없음","바깥","왼쪽","연결됨","없음",,,"30106:중구청","30108:오룡",,,,,"36.3224188554054","127.412526469417",,
"오룡","대전광역시 중구 오류동 187 일원","042-521-3108",,,,"양쪽","있음","바깥","오른쪽","연결됨","없음",,,"30107:서대전네거리","30109:용문",,,,,"36.328573588406","127.405051214552",,
"용문","대전광역시 서구 용문동 257-1 일원","042-521-3109",,,,"양쪽","없음","바깥","오른쪽","연결됨","없음",,,"30108:오룡","30110:탄방",,,,,"36.3382572710539","127.393314639982",,
"탄방","대전광역시 서구 탄방동 650 일원","042-471-5110",,,,"양쪽","없음","바깥","오른쪽","연결됨","없음",,,"30109:용문","30111:시청",,,,,"36.3455216300848","127.384535349384",,
"시청","대전광역시 서구 둔산동 1420 일원","042-476-6111",,,,"양쪽","있음","바깥","오른쪽","연결됨","없음",,,"30110:탄방","30112:정부청사",,,,,"36.3516794480895","127.386737571026",,
"정부청사","대전광역시 서구 둔산동 1375 일원","042-476-5112",,,,"양쪽","있음","바깥","오른쪽","연결됨","없음",,,"30111:시청","30113:갈마",,,,,"36.3574457035747","127.381143589494",,
"갈마","대전광역시 서구 갈마동 820 일원","042-483-6113",,,,"양쪽","없음","바깥","오른쪽","연결됨","없음",,,"30112:정부청사","30114:월평",,,,,"36.3575552629761","127.372752578631",,
"월평(한국과학기술원)","대전광역시 서구 월평동 510 일원","042-487-0114",,,,"양쪽","없음","바깥","오른쪽","연결됨","없음",,,"30113:갈마","30115:갑천",,,,,"36.3582769954173","127.364345439451",,
"갑천","대전광역시 서구 월평동 1534 일원","042-476-3115",,,,"양쪽","없음","바깥","오른쪽","연결됨","없음",,,"30114:월평","30116:유성온천",,,,,"36.3546828676509","127.354580891833",,
"유성온천(충남대.목원대)","대전광역시 유성구 봉명동 551 일원","042-825-4116",,,,"양쪽","없음","바깥","오른쪽","연결됨","없음",,,"30115:갑천","30117:구암",,,,,"36.3537016873989","127.341553157012",,
"구암","대전광역시 유성구 구암동 96-7 일원","042-823-5117",,,,"양쪽","없음","바깥","오른쪽","연결됨","없음",,,"30116:유성온천","30118:현충원",,,,,"36.3566869095044","127.330553060748",,
"현충원(한밭대)","대전광역시 유성구 구암동 423-1 일원","042-824-9118",,,,"양쪽","없음","바깥","오른쪽","연결됨","없음",,,"30117:구암","30119:월드컵경기장",,,,,"36.3590420054535","127.321451822655",,
"월드컵경기장(노은도매시장)","대전광역시 유성구 노은동 566 일원","042-826-3119",,,,"양쪽","없음","바깥","오른쪽","연결됨","없음",,,"30118:현충원","30120:노은",,,,,"36.3668713189699","127.317840332446",,
"노은","대전광역시 유성구 지족동 903 일원","042-826-3210",,,,"양쪽","없음","바깥","오른쪽","연결됨","없음",,,"30119:월드컵경기장","30121:지족",,,,,"36.3741533161918","127.317832612228",,
"지족(침신대)","대전광역시 유성구 지족동 836 일원","042-826-3121",,,,"양쪽","없음","바깥","오른쪽","연결됨","없음",,,"30120:노은","30122:반석",,,,,"36.3841124877421","127.319495742901",,
"반석(칠성대)","대전광역시 유성구 반석동 56 일원","042-825-3122",,,,"양쪽","없음","바깥","양쪽","연결됨","없음",,,"30121:지족","NULL",,,,,"36.3920238425984","127.314488743494",,
