일련번호,관광지명,역명,역코드,호선,출구번호,비고,URL
584,National Center for Korean Traditional Performing Arts,Nambu bus Terminal,331,line 3,Exit 5,10 min. walk,
583,Seoul Arts Center,Nambu bus Terminal,331,line 3,Exit 5,10 min. walk,
490,Hanwon Art Museum,Nambu Bus Terminal,331,line 3,Exit 5,10 min. walk,
489,Seoul Arts Center Art Gallery,Nambu Bus Terminal,331,line 3,Exit 5,10 min. walk,
144,국립국악박물관,남부터미널,331,3호선,5번출구,도보10분,
462,Museum of Korean Traditional Music,Nambu Bus Terminal,331,line 3,Exit 5,10 min. walk,
170,예술의 전당 한가람미술관,남부터미널,331,3호선,5번출구,도보10분,
264,국립국악원,남부터미널,331,3호선,5번출구,도보10분,
263,예술의 전당,남부터미널,331,3호선,5번출구,도보10분,http://www.sac.or.kr/
171,한원미술관,남부터미널,331,3호선,5번출구,도보10분,
528,Yangjae Citizen's Forest,Yangjae,332,line 3,Exit 7,Green bus #6 #5411,
364,Heonilleung Tombs,Yangjae,332,line 3,Exit 7,Green bus #4421 #4423,
208,양재시민의 숲,양재,332,3호선,7번출구,6 5411번(초록버스),http://parks.seoul.go.kr/citizen 
46,헌인릉,양재,332,3호선,7번출구,4421 4423번(초록버스),
145,외교박물관,양재,332,3호선,8번출구,도보3분,
463,The Diplomatic History Museum,Yangjae,332,line 3,Exit 8,3  min. walk,
464,Seoul Trade Exhibition Center,Hangnyeoul,336,line 3,Exit 1 ,1 min. walk,
146,서울무역전시장,학여울,336,3호선,1번출구,도보1분,http://www.setec.or.kr/ 
555,Mt. Daemosan,Irwon,338,line 3,Exit 4,around,
235,대모산,일원,338,3호선,4번출구,등산로,
230,불암산,상계,410,4호선,1번출구,등산로,
550,Mt. Buramsan,Sanggye,410,line 4,Exit 1,around,
231,북한산성,수유,414,4호선,4번출구,101번(파랑버스),
449,Earthenware Folklore Museum,Suyu,414,line 4,Exit 4,Green bus #1217 #1219,
348,4.19 National Cemetery,Suyu,414,line 4,Exit 2,Green bus #1119 #1,
30,국립 4.19묘지,수유,414,4호선,2번출구,11191번(초록버스),http://419.mpva.go.kr/ 
551,Bukhansanseong Fortress,Suyu,414,line 4,Exit 4,Blue bus #101,
131,옹기민속박물관,수유,414,4호선,4번출구,12171219번(초록버스),
350,Jeongneung Tomb,Sungshin Women's Univ.,418,line 4,Exit 6,Blue bus #171,
32,정릉,성신여대입구,418,4호선,6번출구,171번(파랑버스),
31,선잠단,성신여대입구,418,4호선,6번출구,1111번(초록버스),
349,Seonjamdan Altar,Sungshin Women's Univ.,418,line 4,Exit 6,Green bus #1111,
33,혜화문,한성대입구,419,4호선,5번출구,도보5분,
351,Hyehwamun Gate,Hansung Univ.,419,line 4,Exit 5,5 min. walk,
237,서울성곽,한성대입구,419,4호선,4번출구,도보10분,
557,Fortress Wall of Seoul,Hansung Univ.,419,line 4,Exit 4,10 min. walk,
353,Munmyo Confucian Shrine,Hyehwa,420,line 4,Exit 4,15 min. walk,
579,Munye Theater,Hyehwa,420,line 4,Exit 2,5 min. walk,
578,Dong Soong Art Center,Hyehwa,420,line 4,Exit 1,10 min. walk,
133,아프리카 미술 박물관,혜화,420,4호선,2번출구,도보3분,
34,창경궁,혜화,420,4호선,4번출구,도보10분,
416,Daehangno Culture & Arts Street,Hyehwa,420,line 4,Exit 1,around,
352,Changgyeonggung Palace,Hyehwa,420,line 4,Exit 4,10 min. walk,
452,Straw & Grass Handicraft Museum,Hyehwa,420,line 4,Exit 4,5 min. walk,
451,Museum of African Art,Hyehwa ,420,line 4,Exit 2,3 min. walk,
450,Seoul National Science Museum,Hyehwa,420,line 4,Exit 4,10 min. walk,
259,문예회관,혜화,420,4호선,2번출구,도보5분,
98,대학로 예술의 거리,혜화,420,4호선,1번출구,역주변,
134,짚 풀 생활사 박물관,혜화,420,4호선,4번출구,도보5분,
132,국립서울과학관,혜화,420,4호선,4번출구,도보10분,http://www.ssm.go.kr/ 
258,동숭아트센터,혜화,420,4호선,1번출구,도보10분,http://www.dsartcenter.co.kr/ 
35,서울문묘,혜화,420,4호선,4번출구,도보15분,
558,Fortress Wall of Seoul,Dongdaemun,421,line 4,Exit 1,10 min. walk,
238,서울성곽,동대문,421,4호선,1번출구,도보10분,
60,동대문,동대문,421,4호선,6번출구,도보1분,
378,Dongdaemun Gate,Dongdaemun,421,line 4,Exit 6,1 min. walk,
28,광희문,동대문운동장,422,4호선,3번출구,도보5분,
610,Dongdaemun Market,Dongdaemun Stadium,422,line 4,Exit 14,3 min. walk,
273,동대문운동장,동대문운동장,422,4호선,1번출구,도보1분,
291,동대문시장,동대문운동장,422,4호선,14번출구,도보3분,
592,Dongdaemun Stadium,Dongdaemun Stadium,422,line 4,Exit 1,1 min. walk,
345,Gwanghuimun Gate,Dongdaemun Stadium,422,line 4,Exit 3,5 min. walk,
562,KBS Hall,Yeouido,2527,line 5,Exit 3,15 min. walk,
202,남산골 한옥마을,충무로,423,4호선,3번출구,도보1분,
580,Korea House,Chungmuro,423,line 4,Exit 3,1 min. walk,
260,한국의 집,충무로,423,4호선,3번출구,도보1분,http://www.koreahouse.or.kr/ 
233,남산 서울타워,명동,424,4호선,3번출구,도보10분+케이블카,
135,우정박물관,명동,424,4호선,5번출구,도보5분,http://www.postmuseum.go.kr/ 
417,Myeong-dong Fashions District,Myeong-dong,424,line 4,Exit 6,around,
553,Mt. Namsan Park Seoul Tower,Myeong-dong,424,line 4,Exit 3,10 min. walk to Cable Car Dock,
99,명동 패션의 거리,명동,424,4호선,6번출구,역주변,
80,명동성당,명동,424,4호선,8번출구,도보5분,http://www.mdsd.or.kr/
398,Myeong-dong Catholic Cathedral,Myeong-dong,424,line 4,Exit 8,5 min. walk,
453,Postal Museum,Myeong-dong,424,line 4,Exit 5,5 min. walk,
354,Namdaemun Gate,Hoehyeon,425,line 4,Exit 5,5 min. walk,
613,Namdaemun Market,Hoehyeon,425,line 4,Exit 5,1 min. walk,
455,Bank of Korea Museum,Hoehyeon,425,line 4 ,Exit 7,5 min. walk,
137,한국은행 화폐전시실,회현,425,4호선,7번출구,도보5분,
293,남대문시장,회현,425,4호선,5번출구,도보1분,
36,남대문,회현,425,4호선,5번출구,도보5분,
435,Korea Telecom Museum,Samgakji,428,line 4,Exit 3,5 min. walk,
437,War Memorial,Samgakji,428,line 4,Exit 12,3 min. walk,
391,Danggogae Catholic Martyrs' Historical Site,Samgakji,428,line 4,Exit 6,15 min. walk,
119,전쟁기념관,삼각지,428,4호선,12번출구,도보3분,http://www.warmemo.co.kr/ 
117,한국통신박물관,삼각지,428,4호선,3번출구,도보5분,
301,용산 전자상가,신용산,429,4호선,5번출구,도보3분,
90,새남터 순교성지,신용산,429,4호선,4번출구,0017번(초록버스),
621,Yongsan Electronics Market,Sinyongsan,429,line 4,Exit 5,3 min. walk,
408,Saenamteo Catholic Martyrs' Memorial Church,Sinyongdsan,429,line 4,Exit 4,Green bus #0017,
523,Yongsan Family Park,Ichon,430,line 4,Exit 2,10 min. walk,
537,Hangang River Citizen's Parks,Ichon,430,line 4,Exit 3,5~10 min. walk,
221,한강 시민공원,이촌,430,4호선,3번출구,도보10~15분,http://hangang.seoul.go.kr/
650,국립중앙박물관,이촌,430,4호선,2번출구,,
203,용산 가족공원,이촌,430,4호선,2번출구,도보10분,
355,National Cemetery,Dongjak,431,line 4,Exit 3,3 min. walk,
220,한강 시민공원,동작,431,4호선,2번출구,도보10~15분,http://hangang.seoul.go.kr/
37,국립현충원,동작,431,4호선,3번출구,도보3분,http://www.mnd.go.kr/
538,Hangang River Citizen's Parks,Dongjak,431,line 4,Exit 2,5~1- min. walk,
53,서울시립미술관 남서울분관,사당,433,4호선,6번출구,,http://seoulmoa.seoul.go.kr/
55,사당동 백제요지,사당,433,4호선,5번출구,도보10분,
371,Former Belgian Consulate Office,Sadang,433,line 4,Exit 4,5 min. walk,
373,Baekje Kiln Site in Sadang-dong,Sadang,433,line 4 ,Exit 5,10 min. walk,
300,용산 전자상가,용산,1003,1호선,2번출구,도보3분,
89,새남터 순교성지,용산,1003,1호선,―,택시5분,
407,Saenamteo Catholic Martyrs' Memorial Church,Yongsan,1003,line 1,,5 min. taxi,
620,Yongsan Electronics Market,Yongsan,1003,line 1,Exit 2,3 min. walk,
65,사육신 묘,노량진,1004,1호선,―,도보10분,
302,노량진 수산시장,노량진,1004,1호선,―,도보1분,
622,Noryangjin Fisheries Market,Noryangjin,1004,line 1,,1 min. walk,
383,Sayuksinmyo Six Martyrs' Tombs,Noryangjin,1004,line 1,,10 min. walk,
195,여의도샛강생태공원,대방,1005,1호선,6번출구,도보10분,
515,Yeouido Ecology Park,Daebang,1005,line 1,Exit 6,10 min. walk,
651,국립중앙박물관,이촌,1008,1호선,2번출구,,
530,Mt. Eungbongsan Rock Climbing Park,Eungbong,1012,KNR,,10 min. walk,
470,Samseong Museum of Publishing,Dangsan,237,line 2,Exit 1,5 min. walk,
217,한강 시민공원,당산,237,2호선,4번출구,도보10~15분,http://hangang.seoul.go.kr/
151,삼성출판박물관,당산,237,2호선,1번출구,도보5분,http://www.ssmop.org/ 
541,Hangang River Citizen's Parks,Dangsan,237,line 2,Exit 4,5~10 min. walk,
10,서울외국인묘지공원,합정,238,2호선,7번출구,도보5분,
389,Jeoldusan Martyrs' Shrine,Hapjeong,238,line 2,Exit 7,10 min. walk,
328,Seoul Foreigner' Cemetery Park,Hapjeong,238,line 2,Exit 7,5 min. walk,
733,광명실내체육관,철산역,2749,7호선,2번출구,면적1555㎡(470여평) 관람석2711석 규모,
731,도덕산 도시자연공원,철산역,2749,7호선,2번,체련단련장약수터 등,
735,2001아울렛,철산역,2749,7호선,2번출구,,
732,광명시민회관,철산역,2749,7호선,3번,문화예술행사,
730,철산상업지구,철산역,2749,7호선,2번,,
734,광덕산 근린공원,철산역,2749,7호선,1번,체력단련시설설치,
786,계남공원,부천시청역,2757,7,4,,
787,부천상동로데오거리,부천시청역,2757,7,1,,
782,부천체육관,부천시청역,2757,7,4,,
783,부천중앙공원,부천시청역,2757,7,1,,
785,안중근공원,부천시청역,2757,7,3,,
784,부천시청역 갤러리 광장,부천시청역,2757,7,역구내,,
1,암사동 선사주거지,암사,2811,8호선,4번출구,도보10분,
319,Amsa-dong Prehistoric Settlement Site,Amsa,2811,line 8,Exit 4,10 min. walk,
703,한강시민공원,암사,2811,08호선,4,도보7분,
705,암사종합시장,암사,2811,8,1,도보 1분,
704,천호동 공원,암사,2811,08호선,2,도보5분,
711,암사생태공원,암사역,2811,08호선,3,도보7분,
320,Pungnaptoseong Mud Rampart,Cheonho,2812,line 8,Exit 10,5 min. walk,
3,풍납토성,천호,2812,8호선,10번출구,도보5분,
442,Agricultural Museum,Gangdong-gu Office,2813,line 8,Exit 3,3 min. walk,
124,농업박물관,강동구청,2813,8호선,3번출구,도보3분,http://museum.nonghyup.com/
322,Mongchontoseong Mud Rampart,Mongchontoseong,2814,line 8,Exit 1,5 min. walk,
587,Olympic Stadium,Mongchontoseong,2814,line 8,Exit 1,3 min. walk,
717,소마미술관,몽촌토성(평화의문)역,2814,8호선,1번,,
718,올림픽공원,몽촌토성(평화의문)역,2814,8호선,1번,,
267,올림픽경기장,몽촌토성,2814,8호선,1번출구,도보3분,
499,Olympic Park,Mongchontoseong,2814,line 8,Exit 1,1 min. walk,
4,몽촌토성,몽촌토성,2814,8호선,1번출구,도보5분,
180,올림픽공원,몽촌토성,2814,8호선,1번출구,,
107,몽촌 백제역사관,몽촌토성,2814,8호선,1번출구,도보10분,
425,Historical Museum of Mongchontoseong Fortress,Mongchontoseong,2814,line 8,Exit 1,10 min. walk,
429,Samsung Children's Museum,Jamsil,2815,line 8,Exit 9,5 min. walk,
427,The Folk Museum at Lotte World,Jamsil,2815,line 8,,interconnected,
240,서울놀이마당,잠실,2815,8호선,4번출구,도보5분,
182,롯데월드,잠실,2815,8호선,―,연결통로,http://www.lotteworld.com/ 
560,Seoul Norimadang(Open-air stage),Jamsil,2815,line 8,Exit 4,5 min. walk,
501,Lotte World,Jamsil,2815,line 8,,interconnected,
109,롯데월드 민속관,잠실,2815,8호선,―,연결통로,http://www.lotteworld.com/ 
5,석촌 백제고분,석촌,2816,8호선,6번출구,도보3분,
504,Seokchon Lake Park,Seokchon,2816,line 8,Exit 1,5 min. walk,
324,Samjeondobi Stone Monument,Seokchon,2816,line 8,Exit 6,3 min. walk,
323,Seokchon Early Baekje Stone Tombs,Seokchon,2816,line 8,Exit 6,3 min. walk,
184,석촌호수공원,석촌,2816,8호선,1번출구,도보5분,
6,삼전도비,석촌,2816,8호선,6번출구,도보3분,
597,Garak-dong Agricultural & Marine Product Market,Garak Market,2818,line 8,Exit 4,1 min. walk,
277,가락동 농수산물시장,가락시장,2818,8호선,4번출구,도보1분,http://www.garak.co.kr/　
278,문정동 로데오 거리,문정,2819,8호선,1번출구,도보10분,
598,Munjeong-dong Rodeo Street,Munjeong,2819,line 8,Exit 1 ,10 min. walk,
712,가든파이브,장지역,2820,8호선,3번출구,,http://www.garden5.com/index.html
222,남한산성,산성,2822,8호선,2번출구,버스9번,http://www.namhansansung.or.kr/ 
542,Namhansanseong,Sanseong,2822,line 8 ,Exit 2,city bus #9,
763,은행시장,남한산성입구(성남법원검찰청)역,2823,8,1,,
760,경기도 남한산성 도립공원,남한산성입구(성남법원검찰청)역,2823,8,1,,
761,경기도 남한산성 도립공원,남한산성입구(성남법원검찰청)역,2823,8,1,,
759,경기도 도립공원 남한산성,남한산성입구(성남법원검찰청)역,2823,8,1,,http://www.namhansansung.or.kr/
762,남한산성 유원지,남한산성입구(성남법원검찰청)역,2823,8,1,,
779,신구대 민속박물관,단대오거리역,2824,8,2,,
444,Korean Magazine Museum,Yeouido,2527,line 5,Exit 5,10 min. walk,
440,Seoul Yeouido Exhibition,Yeouido,2527,line 5,Exit 3,5 min. walk,
242,KBS 홀,여의도,2527,5호선,3번출구,도보15분,
210,성동 암벽등반공원,응봉,1012,국철,―,도보10분,
375,Uireung,Sinimun,1017,line 1,,10 min. walk,
57,의릉,신이문,1017,1호선,―,도보10분,
524,Seoul Race-Course,Seoul Racecourse Park,1451,line 4,Exit 1,1 min. walk,
204,서울경마공원,경마공원,1451,4호선,1번출구,도보1분,http://www.kra.co.kr/race/seoul/index.jsp
487,National Museum of Contemporary Art,Seoul Grand Park,1452,line 4,Exit 2,within the park,
168,국립현대미술관,대공원,1452,4호선,2번출구,공원내,http://www.moca.go.kr/ 
525,Seoul Grand Park Seoul Land,Seoul Grand Park,1452,line 4,Exit 4,3 min. walk,
205,서울대공원·서울랜드,대공원,1452,4호선,4번출구,도보3분,
303,구로기계공구상가,구로,1701,1호선,1번출구,도보5분,
623,Guro Industrial Tools Complex,Guro,1701,line 1,Exit 1,5 min. walk,
224,도봉산,도봉산,1903,1호선,―,등산로,
544,Mt. Dobongsan,Dobongsan,1903,line 1,,,
526,Lake Park in Ilsan,Jeongbalsan,1956,line 3,Exit 1,10 min. walk,
206,일산 호수공원,정발산,1956,3호선,1번출구,도보10분,http://www.lake-park.com/ 
662,약사사,방화역,2511,5호선,3번출구,800m,
661,개화산,방화역,2511,5호선,3번출구,400m,
663,근린공원,방화역,2511,5호선,2번출구,400m,
653,허준박물관,발산,2516,5호선,3번출구,2km,
652,구암공원,발산,2516,5호선,3번출구,2km,
738,송화시장,우장산역,2517,5호선,4번 출구,,
740,우장산 공원,우장산역,2517,5호선,1번 출구,,
548,Mt. Ujangsan Park,Ujangsan,2517,line 5,Exit 2,15 min. walk,
228,우장산공원,우장산,2517,5호선,2번출구,도보15분,
660,화곡생활용품유통단지,까치산역,2519,5호선,2번출구,500m,
659,까치산 시장,까치산역,2519,5호선,1번출구,5m,
603,Mok-dong Rodeo Street,Mok-dong,2521,line 5,Exit 2,1 min. walk,
283,목동 로데오 거리,목동,2521,5호선,2번출구,도보1분,
590,Mok-dong Stadium,Omokgyo,2522,line 5,Exit 3,10 min. walk,
270,목동운동장,오목교,2522,5호선,3번출구,도보10분,
750,안양천,양평역,2523,5호선,1번,안양천변 자전거도로 및 산책로,
284,영등포시장,영등포시장,2525,5호선,3번출구,도보10분,
604,Yeongdeungpo Market,Yeongdeungpo Market,2525,line 5,Exit 3,10 min. walk,
514,Yeouido Ecology Park,Yeouido ,2527,line 5,Exit 1,10 min. walk,
513,Yeouido Park,Yeouido,2527,line 5,Exit 1,5 min. walk,
154,궁중유물전시관,시청,151,1호선,2번출구,도보5분,
246,난타전용극장,시청,151,1호선,2번출구,도보5분,
172,로댕갤러리,시청,151,1호선,8번출구,도보3분,
570,Chongdong Theater,City Hall,151,line 1,Exit 1,5 min. walk,
567,Nanta Theater,City Hall,151,line 1,Exit 2,5 min. walk,
334,Old Russian Legation,City Hall,151,line 1,Exit 2,5 min. walk,
16,구 러시아 공사관,시청,151,1호선,2번출구,도보5분,
47,원구단,시청,151,1호선,6번출구,도보5분,
422,Walled Walkway Encircling Deoksugung Palace,City Hall,151,line 1,Exit 2,3 min. walk,
405,Jeong Dong Methodist Church,City Hall,151,line 1,Exit 2,5 min. walk,
641,서울시립미술관,시청,151,1호선,1번출구,서울시청서소문별관방면,
498,Art Gallery Tour Bus,City Hall,151,line 1,Exit 2,Tel. 3217-0237 www.ganaart.com,
493,Nat'l Museum of Contemporary Art Deoksugung,City Hall,151,line 1,Exit 2,5 min. walk,
492,Rodin Gallery,City Hall,151,line 1,Exit 8,3 min. walk,
475,Seoul Metropolitan Museum of Art,City Hall,151,line 1,Exit 2,3 min. walk,
380,Deoksugung Palace,City Hall,151,line 1,Exit 2,1 min. walk,
366,Wongudan Altar,City Hall,151,line 1 ,Exit 6,5 min. walk,
105,덕수궁 돌담길,시청,151,1호선,2번출구,도보3분,
87,정동교회,시청,151,1호선,2번출구,도보5분,http://chungdong.org/
249,정동극장,시청,151,1호선,1번출구,도보5분,http://www.chongdong.com/
63,덕수궁,시청,151,1호선,2번출구,도보1분,http://www.ocp.go.kr/l_palace/pal_dok.html
174,덕수궁미술관,시청,151,1호선,2번출구,도보5분,
473,Royal Museum,City Hall,152,line 1,Exit 2,5 min. walk,
152,관광안내전시관,종각,152,1호선,5번출구,도보3분,
618,Buddhism-Related Items Market,Jonggak,152,line 1,Exit 2,5 min. walk,
471,KNTO's Tourist Information Center,Jonggak,152,line 1,Exit 5,3 min. walk,
403,Jogyesa Temple,Jonggak,152,line 1,Exit 2,5 min. walk,
86,조계사,종각,152,1호선,2번출구,도보5분,http://www.ijogyesa.net/ 
617,Young Poong Book Store,Jonggak,152,line 1,,interconnected,
61,보신각,종각,152,1호선,4번출구,도보1분,
297,영풍문고,종각,152,1호선,―,연결통로,http://www.ypbooks.co.kr/ 
298,견지동 불교용품상가,종각,152,1호선,2번출구,도보5분,
379,Bosingak Belfry,Jonggak,152,line 1,Exit 4,1 min. walk,
24,종묘,종로3가,153,1호선,811번출구,도보3분,
199,탑골공원,종로3가,153,1호선,1번출구,도보3분,
519,Tapgol Park ,Jongno 3(sam)-ga ,153,line 1,Exit 1,3 min. walk,
266,연강홀,종로3가,153,1호선,1번출구,도보3분,http://www.yonkang.co.kr/
343,Jongmyo Royal Shrine,Jongno 3(sam)-ga ,153,line 1,Exit 8 11,3 min. walk,
616,Gwangjang Korean Costume Market,Jongno 5(o)-ga,154,line 1 ,Exit 8,1 min. walk,
586,Yonkang Hall,Jongno 5(o)-ga,154,line 1,Exit 1,3 min. walk,
296,광장시장,종로5가,154,1호선,8번출구,도보1분,
377,Dongdaemun Gate,Dongdaemun,155,line 1,Exit 6,1 min. walk,
239,서울성곽,동대문,155,1호선,1번출구,도보10분,
59,동대문,동대문,155,1호선,6번출구,도보1분,
559, Fortress Wall of Seoul ,Dongdaemun,155,line 1,Exit 1,10 min. walk,
758,서울풍물시장,신설동역,156,1호선,6번출구,도보5분,http://pungmul.seoul.go.kr/
58,선농단,제기동,157,1호선,1번출구,도보10분,
376,Seonnongdan Altar,Jegi-dong,157,line 1,Exit 1,10 min. walk,
295,서울약령시장,제기동,157,1호선,2번출구,도보1분,
615,Seoul Yangnyoungshi Herbal Medicine Market,Jegi-dong,157,line 1,Exit 2,1 min. walk,
406,Jeong Dong Methodist Church,City Hall,201,line 2,Exit 2,5 min. walk,
491,Rodin Gallery,City Hall,201,line 2,Exit 8,3 min. walk,
477,Ho-Am Art Gallery,City Hall,201,line 2,Exit 9,5 min. walk,
474,Royal Museum,City Hall,201,line 2,Exit 2,5 min. walk,
381,Deoksugung Palace,City Hall,201,line 2 ,Exit 2,1 min. walk,
365,Wongudan Altar,City Hall,201,line 2,Exit 6,5 min. walk,
335,Old Russian Legation ,City Hall,201,line 2,Exit 2,5 min. walk,
106,덕수궁 돌담길,시청,201,2호선,2번출구,도보3분,
88,정동교회,시청,201,2호선,2번출구,도보5분,http://chungdong.org/
247,난타전용극장,시청,201,2호선,2번출구,도보5분,
244,호암아트홀,시청,201,2호선,9번출구,도보5분,http://www.hoamarthall.org/ 
175,덕수궁미술관,시청,201,2호선,2번출구,도보5분,
173,로댕갤러리,시청,201,2호선,8번출구,도보3분,http://www.rodingallery.org/ 
155,궁중유물전시관,시청,201,2호선,2번출구,도보5분,
156,서울시립미술관,시청,201,2호선,11번출구 12번출구,도보3분,
158,호암갤러리,시청,201,2호선,9번출구,도보5분,http://www.hoammuseum.org/
250,정동극장,시청,201,2호선,1번출구,도보5분,http://www.chongdong.com/
569,Chongdong Theater,City Hall,201,line 2,Exit 1,5 min. walk,
566,Nanta Theater,City Hall,201,line 2,Exit 2,5 min. walk,
564,Hoam Arts Hall,City Hall,201,line 2,Exit 9,5 min. walk,
644,Seoul Metropolitan Museum of Art,City Hall,201,Line 2,Exit 2,3 min. walk,
177,미술관 순회버스,시청,201,2호선,2번출구,Tel. 3217-0237,
17,구 러시아 공사관,시청,201,2호선,2번출구,도보5분,
48,원구단,시청,201,2호선,6번출구,도보5분,
494,Nat'l Museum of Contemporary Art Deoksugung,City Hall,201,line 2,Exit 2,5 min. walk,
423,Walled Walkway Encircling Deoksugung Palace,City Hall,201,line 2,Exit 2,3 min. walk,
64,덕수궁,시청,201,2호선,2번출구,도보1분,http://www.ocp.go.kr/l_palace/pal_dok.html
100,명동 패션의 거리,을지로입구,202,2호선,5번출구,역주변,
138,한국은행 화폐전시실,을지로입구,202,2호선,6번출구,도보5분,
153,관광안내전시관,을지로입구,202,2호선,2번출구,도보3분,
472,KNTO's Tourist Information Center,Euljiro 1(il)-ga,202,line 2,Exit 2,3 min. walk,
136,우정박물관,을지로입구,202,2호선,6번출구,도보5분,http://www.postmuseum.go.kr/ 
456,Bank of Korea Museum,Euljiro 1(il)-ga,202,line 2,Exit 7,5 min. walk,
418,Myeong-dong Fashions District,Euljiro 1(il)-ga,202,line 2,Exit 5,around,
454,Postal Museum,Euljiro 1(il)-ga,202,line 2,Exit 6,5 min. walk,
81,영락교회,을지로3가,203,2호선,12번출구,도보5분,http://www.youngnak.net/ 
399,Youngnak Presbyterian Church,Euljiro 3(sam)-ga,203,line 2,Exit 12,5 min. walk,
313,오장동 함흥냉면,을지로4가,204,2호선,8번출구,도보3분,
633,Ojang-dong Cold Noodles,Euljiro 4(sa)-ga,204,line 2,Exit 8,3 min. walk,
346,Gwanghuimun Gate,Dongdaemun Stadium,205,line 2 ,Exit 3,5 min. walk,
593,Dongdaemun Stadium,Dongdaemun Stadium,205,line 2,Exit 1,1 min. walk,
611,Dongdaemun Market,Dongdaemun Stadium,205,line 2,Exit 14,3 min. walk,
27,광희문,동대문운동장,205,2호선,3번출구,도보5분,
272,동대문운동장,동대문운동장,205,2호선,1번출구,도보1분,
290,동대문시장,동대문운동장,205,2호선,14번출구,도보3분,
626,Sindang-dong Stir-Fried Rice Cake,Sindang,206,line 2,Exit 8,5 min. walk,
282,황학동 만물시장,신당,206,2호선,1번출구,도보10분,
306,신당동떡복이골목,신당,206,2호선,8번출구,도보5분,
602,Hwanghak-dong Flea Market,Sindang,206,line 2,Exit 1,10 min. walk,
49,살곶이 다리,한양대,209,2호선,2번출구,도보10분,
367,Salgoji Bridge,Hanyang Univ.,209,line 2,Exit 2,10 min. walk,
294,테크노마트,강변,214,2호선,―,연결통로,http://www.tm21.com/ 
614,Techno-Mart,Gangbyeon,214,line 2,,interconnected,
183,롯데월드,잠실,216,2호선,―,연결통로,http://www.lotteworld.com/ 
561,Seoul Norimadang(Open-air stage),Jamsil,216,line 2,Exit 4,5 min. walk,
428,The Folk Museum at Lotte World,Jamsil,216,line 2,,interconnected,
503,Lotte World,Jamsil,216,line 2,,interconnected,
110,롯데월드 민속관,잠실,216,2호선,―,연결통로,http://www.lotteworld.com/ 
241,서울놀이마당,잠실,216,2호선,4번출구,도보5분,
213,한강 유람선 선착장,신천,217,2호선,7번출구,도보5~15분,
540,Hangang River Citizen's Parks,Sincheon,217,line 2,Exit 7,5~10 min. walk,
533,Hangang River Ferry Wharves,Sincheon,217,line 2,Exit 7,5~15 min. walk,
218,한강 시민공원,신천,217,2호선,7번출구,도보10~15분,http://hangang.seoul.go.kr/
594,Seoul Sports Complex,Sports Complex,218,line 2,Exit 5 ,1 min. walk,
274,서울종합운동장,종합운동장,218,2호선,5번출구,도보1분,
209,코엑스 아쿠아리움,삼성,219,2호선,―,연결통로,http://www.coexaqua.com/ 
529,Coex Aquarium,Samseong,219,line 2,,interconnected,
387,Bongeunsa Temple,Samsung,219,line 2 ,Exit 6,10 min. walk,
465,Coex Exhibition,Samseong,219,line 2,,interconnected,
466,Kimchi Field Museum,Samseong,219,line 2,,interconnected,
148,김치박물관,삼성,219,2호선,―,연결통로,http://www.kimchimuseum.co.kr/
147,코엑스전시장,삼성,219,2호선,―,연결통로,http://www.coex.co.kr/ 
69,봉은사,삼성,219,2호선,6번출구,도보10분,
114,서울 무형문화재 전수회관,선릉,220,2호선,8번출구,도보10분,
50,선정릉,선릉,220,2호선,8번출구,도보5분,
432,Training Center for Intangible Cultural Properties,Seolleung,220,line 2,Exit 8,10 min. walk,
368,Seonjeongneung Tombs,Seolleung,220,line 2,Exit 8,5 min. walk,
585,LG Art Center,Yeoksam,221,line 2,Exit 7,interconnected 1 min.walk,
265,LG아트센터,역삼,221,2호선,7번출구,연결통로·도보1분,http://www.lgart.com/
149,태권도기념관,강남,222,2호선,8번출구,도보10분,
595,Kukkiwon(World Taekwondo Headquarters),Gangnam,222,line 2,Exit 8,10 min. walk,
467,Taekwondo Memorial Hall,Gangnam,222,line 2,Exit 8,10 min. walk,
275,국기원,강남,222,2호선,8번출구,도보10분,http://www.kukkiwon.or.kr/ 
51,청권사부묘소,방배,225,2호선,4번출구,도보3분,
369,Cheonggwonsa Shrine & Tomb,Bangbae,225,line 2,Exit 4,3 min. walk,
54,사당동 백제요지,사당,226,2호선,5번출구,도보10분,
52,서울시립미술관 남서울분관,사당,226,2호선,6번출구,,
372,Baekje Kiln Site in Sadang-dong,Sadang,226,line 2,Exit 5,10 min. walk ,
370,Former Belgian Consulate Office,Sadang,226,line 2,Exit 4,5 min. walk,
374,Nakseongdae Shrine,Nakseongdae,227,line 2 ,Exit 4,Green bus #Gwanak 02,
56,낙성대,낙성대,227,2호선,4번출구,관악02번(초록버스),
556,Mt. Gwanaksan,Seoul Nat'l Univ.    ,228,line 2,Exit 3,Green bus #6512,
236,관악산,서울대입구,228,2호선,3번출구,6512번(초록버스),
637,Sillim-dong Sundae(Korean Sausage),Sillim,230,line 2,Exit 3,1 min. walk,
468,Horim Museum,Sillim,230,line 2,Exit 5,15 min. walk,
317,신림동 순대타운,신림,230,2호선,3번출구,도보1분,
150,호림박물관,신림,230,2호선,5번출구,도보10분 6512번(초록버스),http://www.horimmuseum.org/ 
189,보라매공원,신대방,231,2호선,4번출구,도보10분,http://parks.seoul.go.kr/boramae/ 
509,Boramae Park,Sindaebang,231,line 2,Exit 4,10 min. walk,
71,절두산 순교기념관,합정,238,2호선,7번출구,도보10분,http://www.soguri.com/seoul-teukbyeolsi/mapo-gu/hapjeong-dong/2000-10/1114068_000_004.html
419,The Youth Street around Hong Ik Univ. Sinchon,Hong Ik Univ.,239,line 2,,around,
101,홍대 신촌 젊은이의 거리,홍대입구,239,2호선,―,역주변,
102,홍대 신촌 젊은이의 거리,신촌,240,2호선,―,역주변,
420,The Youth Street around Hong Ik Univ. Sinchon,Sinchon,240,line 2,,around,
421,Ahyeon-dong Wedding Shops Street,Ewha Womans Univ.,241,line 2,Exit 4,around,
103,아현동 웨딩드레스 길,이대입구,241,2호선,4번출구,역주변,
401,Yakhyeon Catholic Cathedral,Chungjeongno,243,line 2,Exit 4,10 min. walk,
84,약현성당,충정로,243,2호선,4번출구,도보10분,http://church.catholic.or.kr/chungnim/home-p/html/main-1.htm
552,Bukhansanseong Fortress,Gupabal,310,line 3,Exit 1,Blue bus #704,
232,북한산성,구파발,310,3호선,1번출구,704번(파랑버스),
554,Mt. Inwangsan,Muakjae,315,line 3,Exit 1,around,
234,인왕산,무악재,315,3호선,1번출구,등산로,
357,Seodaemun Prison History Hall,Dongnimmun,316,line 3,Exit 5 ,1 min. walk,
356,Dongnimmun Gate,Dongnimmun,316,line 3,Exit 4,1 min. walk,
38,독립문,독립문,316,3호선,4번출구,도보1분,
39,서대문형무소역사관,독립문,316,3호선,5번출구,도보1분,
496,Art Gallery Tour Bus,Gyeongbokgung,317,line 3 ,Exit 7,Tel. 3217-0237  www.ganaart.com,
502,Cheongwadae Tour,Gyeongbokgung,317,line 3,Exit 5,Tel. 730-5800 www.cwd.go.kr,http://www.president.go.kr/kr/cheongwadae/viewing/guidance.php
448,Police Museum,Gyeongbokgung,317,line 3,Exit 7,5 min. walk,
40,사직단,경복궁,317,3호선,1번출구,도보5분,
142,국립민속박물관,경복궁,317,3호선,5번출구,도보10분,http://www.nfm.go.kr/ 
130,경찰박물관,경복궁,317,3호선,7번출구,도보5분,
178,미술관 순회버스,경복궁,317,3호선,7번출구,Tel. 3217-0237,
483,Sungkok Art Museum,Gyeongbokgung,317,line 3,Exit 7,15 min. walk,
459,National Folk Museum of Korea,Gyeongbokgung,317,line 3,Exit 5,10 min. walk,
458,Hyoja-dong Sarangbang,Gyeongbokgung,317,line 3,Exit 4,5 min. walk,
42,경복궁,경복궁,317,3호선,5번출구,도보5분,
359,Gyeongbokgung Palace,Gyeongbokgung,317,line 3 ,Exit 5,5 min. walk,
358,Sajikdan Altar,Gyeongbokgung,317,line 3,Exit 1,5 min. walk,
67,청와대관람,경복궁,317,3호선,5번출구,(02)730-5800,http://www.president.go.kr/kr/cheongwadae/viewing/guidance.php
140,효자동 사랑방,경복궁,317,3호선,4번출구,도보5분,
164,성곡미술관,경복궁,317,3호선,7번출구,도보15분,http://www.sungkokmuseum.com/ 
143,서울교육사료관,안국,318,3호선,1번출구,도보5분,http://www.edumuseum.seoul.kr/ 
166,인사동 화랑가,안국,318,3호선,6번출구,도보5분,
179,미술관 순회버스,안국,318,3호선,6번출구,Tel. 3217-0237,
79,천도교 수운회관,안국,318,3호선,5번출구,도보5분,
97,인사동 문화의 거리,안국,318,3호선,6번출구,도보5분,
255,산촌,안국,318,3호선,6번출구,도보5분,
288,인사동 골동품 상점가,안국,318,3호선,6번출구,도보5분,
299,견지동 불교용품상가,안국,318,3호선,6번출구,도보5분,
338,Unhyeongung,Anguk,318,line 3,Exit 4,5 min. walk,
340,Changdeokgung Palace,Anguk,318,line 3,Exit 3,5 min. walk,
361,Gwansanggam Gwancheondae Observatory,Anguk,318,line 3,Exit 3,3 min. walk,
362,The Communications Monument,Anguk,318,line 3 ,Exit 6,5 min. walk,
20,운현궁,안국,318,3호선,4번출구,도보5분,
461,Seoul Education Museum,Anguk,318,line 3,Exit 1,5 min. walk,
485,Galleries at Insa-dong Street,An-guk,318,line 3,Exit 6,5 min. walk,
488,Art Sonje Center,Anguk,318,line 3,Exit 1,10 min. walk,
497,Art Gallery Tour Bus,Anguk,318,line 3,Exit 6,Tel. 3217-0237 www.ganaart.com,
397,Cheondogyo Suun Hall,Anguk,318,line 3,Exit 5,5 min. walk,
415,Insa-dong Traditional Culture Street,Anguk,318,line 3,Exit 6,5 min. walk,
44,우정총국,안국,318,3호선,6번출구,도보5분,
43,관상감 관천대,안국,318,3호선,3번출구,도보3분,
22,창덕궁,안국,318,3호선,3번출구,도보5분,http://www.cdg.go.kr
608,Insa-dong Antique Shopping District,Anguk,318,line 3,Exit 6,5 min. walk,
619,Buddhism-Related Items Market,Anguk,318,line 3,Exit 6,5 min. walk,
575,Sanchon,Anguk,318,line 3,Exit 6,5 min. walk,
169,아트선재센터,안국,318,3호선,1번출구,도보10분,http://www.artsonje.org/ 
520,Tapgol Park  ,Jongno 3(sam)-ga  ,319,line 3,Exit 1,3 min. walk,
200,탑골공원,종로3가,319,3호선,1번출구,도보3분,
25,종묘,종로3가,319,3호선,811번출구,도보3분,
342,Jongmyo Royal Shrine,Jongno 3(sam)-ga,319,line 3,Exit 8 11,3 min. walk,
82,영락교회,을지로3가,320,3호선,12번출구,도보5분,http://www.youngnak.net/ 
400,Youngnak Presbyterian Church,Euljiro 3(sam)-ga,320,line 3,Exit 12,5 min. walk,
522,The Village of Traditional Houses,Chungmuro,321,line 4,Exit 3,1 min. walk,
581,Korea House,Chungmuro,321,line 3,Exit 3,1 min. walk,
261,한국의 집,충무로,321,3호선,3번출구,도보1분,http://www.koreahouse.or.kr/ 
582,National Theater of Korea,Dongguk Univ.,322,line 3,Exit 6,10 min. walk,
262,국립중앙극장,동대입구,322,3호선,6번출구,도보10분,http://www.ntok.go.kr/ 
276,장충체육관,동대입구,322,3호선,5번출구,도보1분,http://www.jangchunggym.co.kr/ 
315,장충동 족발거리,동대입구,322,3호선,3번출구,도보1분,
596,Jangchung Gymnasium,Dongguk Univ.,322,line 3,Exit 5,1 min. walk,
207,장충단공원,동대입구,322,3호선,6번출구,도보1분,
45,수표교,동대입구,322,3호선,6번출구,도보1분,
363,Supyogyo Bridge,Dongguk Univ.,322,line 3,Exit 6,1 min. walk,
527,Jangchung PArk,Dongguk Univ.,322,line 3,Exit 6,1 min. walk,
635,Jangchung-dong Steamed Pork Hocks,Dongguk Univ.,322,line 3,Exit 3,1 min. walk,
410,Apgujeong Cheongdam-dong Romantic Boulevard,Apgujeong,326,line 3,Exit 2,Blue bus #301,
92,압구정·청담동 낭만의 거리,압구정,326,3호선,2번출구,301번(파랑버스),
636,Sinsa-dong Steamed Spicy Angler Fish,Sinsa,327,line 3,Exit 3,3 min. walk,
316,신사동 아구찜 골목,신사,327,3호선,3번출구,도보3분,
219,한강 시민공원,잠원,328,3호선,3번출구,도보10~15분,http://hangang.seoul.go.kr/
539,Hangang River Citizen's Parks,Jamwon,328,line 3,Exit 3,5~10 min. walk,
600,Central City,Express Bus Terminal,329,line 3,,interconnected,
280,센트럴 시티,고속터미널,329,3호선,―,연결통로,http://www.centralcityseoul.co.kr/ 
413,Cherry Blossom Road on Yeouido Causeway,Yeouido,2527,line 5,Exit 1,5 min. walk,
126,한국잡지박물관,여의도,2527,5호선,5번출구,도보10분,
95,윤중로 벚꽃길,여의도,2527,5호선,1번출구,도보5분,
194,여의도샛강생태공원,여의도,2527,5호선,1번출구,도보10분,
193,여의도공원,여의도,2527,5호선,3번출구,도보5분,http://parks.seoul.go.kr/yeouido 
640,여의도공원,여의나루,2528,5호선,1번출구,도보5분,
517,Bamseom Islet Bird Watching Point,Yeouinaru,2528,line 5,Exit 2,15 min. walk,
532,Hangang River Ferry Wharves,Yeouinaru,2528,line 5,Exit 3,5~15 min. walk,
516,63 City,Yeouinaru,2528,line 5,Exit 1,10 min. walk,
214,한강 시민공원,여의나루,2528,5호선,3번출구,도보10~15분,http://hangang.seoul.go.kr/
123,LG 사이언스 홀,여의나루,2528,5호선,1번출구,도보5분,http://www.lgscience.co.kr/
393,Yeouido Full Gospel Church,Yeouinaru,2528,line 5,Exit 2,Green bus #5615 #5618,
441,LG Science Hall,Yeouinaru,2528,line 5,Exit 1,5 min. walk,
646,Yeouido Park,Yeouinaru,2528,Line 5,Exit 1,5 min. walk,
75,순복음교회,여의나루,2528,5호선,2번출구,5615 5618번(초록버스),
535,Hangang River Citizen's Parks,Yeouinaru,2528,line 5,Exit 3,5~10 min. walk,
196,63 시티,여의나루,2528,5호선,1번출구,도보10분,http://www.63city.co.kr/　
197,밤섬 철새도래지 조망대,여의나루,2528,5호선,2번출구,도보15분,
211,한강 유람선 선착장,여의나루,2528,5호선,3번출구,도보5~15분,
307,마포주물럭,마포,2529,5호선,1번출구,도보3분,
627,Mapo Charbroiled Marinated Ribs,Mapo,2529,line 5,Exit 1,3 min. walk,
83,약현성당,충정로,2532,5호선,4번출구,도보10분,http://church.catholic.or.kr/chungnim/home-p/html/main-1.htm
402,Yakhyeon Catholic Cathedral,Chungjeongno,2532,line 5,Exit 4,10 min. walk,
245,난타전용극장,서대문,2533,5호선,5번출구,도보5분,http://www.nanta.co.kr
443,Seoul historical Museum,Seodaemun,2533,line 5,Exit 4,5 min. walk,
14,경희궁,서대문,2533,5호선,4번출구,도보5분,
15,구 러시아 공사관,서대문,2533,5호선,5번출구,도보5분,
125,서울역사박물관,서대문,2533,5호선,4번출구,도보5분,http://www.museum.seoul.kr/ 
333,Old Russian Legation,Seodaemun,2533,line 5,Exit 5,5 min. walk,
476,Ho-Am Art Gallery,Seodaemun,2533,line 5,Exit 6,5 min. walk,
563,Hoam Arts Hall,Seodaemun,2533,line 5,Exit 6,5 min. walk,
565,Nanta Theater,Seodaemun,2533,line 5,Exit 5,5 min. walk,
568,Chongdong Theater,Seodaemun,2533,line 5,Exit 5,5 min. walk,
104,덕수궁 돌담길,서대문,2533,5호선,5번출구,도보3분,
157,호암갤러리,서대문,2533,5호선,6번출구,도보5분,http://www.hoammuseum.org/
707,서울시립미술관,서대문역,2533,5호선,5번출구,,http://seoulmoa.seoul.go.kr/main.html
709,서울시립미술관 경희궁분관,서대문역,2533,5호선,4번출구,도보5분,http://seoulmoa.seoul.go.kr/html/kor/aboutsema/branch1.jsp
332,Gyeonghuigung Palace,Seodaemun,2533,line 5,Exit 4,5 min. walk,
243,호암아트홀,서대문,2533,5호선,6번출구,도보5분,http://www.hoamarthall.org/ 
248,정동극장,서대문,2533,5호선,5번출구,도보5분,http://www.chongdong.com/
424,Walled Walkway Encircling Deoksugung Palace,Seodaemun,2533,line 5,Exit 5,3 min. walk,
163,성곡미술관,광화문,2534,5호선,8번출구,도보15분,http://www.sungkokmuseum.com/ 
162,조선일보미술관,광화문,2534,5호선,6번출구,도보5분,
160,세종갤러리,광화문,2534,5호선,1번출구,도보1분,
251,세종문화회관,광화문,2534,5호선,1번출구,도보1분,http://www.sejongpac.or.kr/
285,교보문고,광화문,2534,5호선,3번출구,연결통로,http://www.kyobobook.co.kr/ 
310,무교동 낙지,광화문,2534,5호선,3번출구,도보5분,
62,덕수궁,광화문,2534,5호선,6번출구,,http://www.ocp.go.kr/l_palace/pal_dok.html
445,Presseum,Gwanghwamun,2534,line 5,Exit 5,1 min. walk,
446,Chohung Museum of Finance,Gwanghwamun,2534,line 5,Exit 6,1 min. walk,
447,Police Museum,Gwanghwamun,2534,line 5,Exit 1,5 min. walk,
336,Bigak Pavilion,Gwanghwamun,2534,line 5,Exit 4,1 min. walk,
360,Gyeongbokgung Palace,Gwanghwamun,2534,line 5,Exit 2,10 min. walk,
382,Deoksugung Palace,Gwanghwamun,2534,line 5,Exit 6,5 min. walk,
384,Cheongwadae Tour,Gwanghwamun,2534,line 5,Exit 2,Tel. 730-5800  www.cwd.go.kr,
394,Anglican Church,Gwanghwamun,2534,line 5,Exit 6,5 min. walk,
127,신문박물관,광화문,2534,5호선,5번출구,도보1분,http://www.presseum.or.kr/　
128,조흥 금융박물관,광화문,2534,5호선,6번출구,도보1분,
18,칭경기념비각,광화문,2534,5호선,4번출구,도보1분,
129,경찰박물관,광화문,2534,5호선,1번출구,도보5분,
605,Kyobo Book Centre,Gwanghwamun,2534,line 5,Exit 3,interconnected,
628,Pimatgol Eating Alley,Gwanghwamun,2534,line 5,Exit 3,3 min. walk,
629,Cheongjin-dong Hangover Soup,Gwanghwamun,2534,line 5,Exit 2,5 min. walk,
630,Mugyo-dong Octopus Cuisine,Gwanghwamun,2534,line 5,Exit 3,5 min. walk,
631,Samcheong-dong Eating Alley,Gwanghwamun,2534,line 5,Exit 2,Green bus #Jongno-11,
460,National Folk Museum of Korea,Gwanghwamun,2534,line 5,Exit 2,10 min. walk,
478,Gwanghwamun Subway Gallery,Gwanghwamun,2534,line 5,,within the station,
479,Sejong Gallery,Gwanghwamun,2534,line 5,Exit 1,1 min. walk,
480,Ilmin Museum of Art,Gwanghwamun,2534,line 5,Exit 5,1 min. walk,
481,Chosun Ilbo gallery,Gwanghwamun,2534,line 5,Exit 6,5 min. walk,
482,Sungkok Art Museum,Gwanghwamun,2534,line 5,Exit 8,15 min. walk,
495,Art Gallery Tour Bus,Gwanghwamun,2534,line 5,Exit 8 ,Tel. 3217-0237  www.ganaart.com,
571,Sejong Center for Performing Arts,Gwanghwamun,2534,line 5,Exit 1,1 min. walk,
572,Samcheonggak,Gwanghwamun,2534,line 5,Exit 3,shuttle bus,
573,Kumho Art Hall,Gwanghwamun,2534,line 5,Exit 7,3 min. walk,
719,서울역사박물관,광화문(세종문화회관)역,2534,5호선,7번출구,,
253,금호아트홀,광화문,2534,5호선,7번출구,도보3분,http://www.kumhoarthall.com/
308,피맛골,광화문,2534,5호선,3번출구,도보3분,
309,청진동 해장국 골목,광화문,2534,5호선,2번출구,도보5분,
311,삼청동 먹자 골목,광화문,2534,5호선,2번출구,종로-11(초록버스),
141,국립민속박물관,광화문,2534,5호선,2번출구,도보10분,http://www.nfm.go.kr/ 
159,광화문갤러리,광화문,2534,5호선,―,역사내,
161,일민미술관,광화문,2534,5호선,5번출구,도보1분,http://www.ilmin.org/ 
176,미술관 순회버스,광화문,2534,5호선,8번출구,Tel. 3217-0237,
708,서울시립미술관 경희궁분관,광화문역,2534,5호선,7번출구 8번출구,,
706,서울시립미술관,광화문역,2534,5호선,5번출구,,
41,경복궁,광화문,2534,5호선,2번출구,도보10분,
66,청와대관람,광화문,2534,5호선,2번출구,(02)730-5800,http://www.president.go.kr/kr/cheongwadae/viewing/guidance.php
76,성공회교회,광화문,2534,5호선,6번출구,도보5분,
252,삼청각,광화문,2534,5호선,3번출구,셔틀버스,http://www.samcheonggak.or.kr/ 
85,조계사,광화문,2534,5호선,2번출구,도보10분,http://www.ijogyesa.net/ 
404,Jogyesa Temple,Gwanghwamun,2534,line 5,Exit 2,10 min. walk,
21,창덕궁,종로3가,2535,5호선,6번출구,도보5분,http://www.cdg.go.kr
337,Unhyeongung,Jongno 3(sam)-ga,2535,line 5,Exit 5,5 min. walk,
339,Changdeokgung Palace,Jongno 3(sam)-ga,2535,line 5,Exit 6,5 min. walk,
341,Jongmyo Royal Shrine,Jongno 3(sam)-ga,2535,line 5,Exit 8 11,3 min. walk,
395,Seungdong Church,Jongno 3(sam)-ga,2535,line 5,Exit 5,5 min. walk,
19,운현궁,종로3가,2535,5호선,5번출구,도보5분,
77,승동교회,종로3가,2535,5호선,5번출구,도보5분,
606,Nagwon Arcade(Rice cakes & Musical instruments),Jongno 3(sam)-ga,2535,line 5,Exit 5,1 min. walk,
607,Insa-dong Antique Shopping District,Jongno 3(sam)-ga,2535,line 5,Exit 5,5 min. walk,
484,Galleries at Insa-dong Street,Jongno 3(sam)-ga,2535,line 5,Exit 4,5 min. walk,
518,Tapgol Park,Jongno 3(sam)-ga,2535,line 5,Exit 5,3 min. walk,
574,Sanchon,Jongno 3(sam)-ga,2535,line 5,Exit 4,5 min. walk,
254,산촌,종로3가,2535,5호선,4번출구,도보5분,
286,낙원떡 악기상가,종로3가,2535,5호선,5번출구,도보1분,
287,인사동 골동품 상점가,종로3가,2535,5호선,5번출구,도보5분,
165,인사동 화랑가,종로3가,2535,5호선,4번출구,도보5분,
23,종묘,종로3가,2535,5호선,811번출구,도보3분,
198,탑골공원,종로3가,2535,5호선,5번출구,도보3분,
78,천도교 수운회관,종로3가,2535,5호선,5번출구,도보5분,
96,인사동 문화의 거리,종로3가,2535,5호선,5번출구,도보5분,
396,Cheondogyo Suun Hall,Jongno 3(sam)-ga,2535,line 5,Exit 5,5 min. walk,
414,Insa-dong Traditional Culture Street,Jongno 3(sam)-ga,2535,line 5,Exit 5,5 min. walk,
632,Ojang-dong Cold Noodles,Euljiro 4(sa)-ga,2536,line 5,Exit 8,3 min. walk,
312,오장동 함흥냉면,을지로4가,2536,5호선,8번출구,도보3분,
771,인쇄문화홍보관,동대문역사문화공원역,2537,5호선,6번출구 10m,인쇄정보센터,
271,동대문운동장,동대문운동장,2537,5호선,1번출구,도보1분,
289,동대문시장,동대문운동장,2537,5호선,14번출구,도보3분,
26,광희문,동대문운동장,2537,5호선,3번출구,도보5분,
344,Gwanghuimun Gate,Dongdaemun Stadium,2537,line 5,Exit 3,5 min. walk,
591,Dongdaemun Stadium,Dongdaemun Stadium,2537,line 5,Exit 1,1 min. walk,
609,Dongdaemun Market,Dongdaemun Stadium,2537,line 5,Exit 14,3 min. walk,
658,금호산,신금호,2539,5호선,,,
657,금남시장,신금호,2539,5호선,3번출구,700m,
656,금북시장,신금호,2539,5호선,2번출구,340m,
682,소월아트홀,왕십리,2541,5호선,9,도보1분,http://sowol.sd.go.kr/main/main.asp
702,청계천문화관,왕십리,2541,5호선,4번출구,도보15분,http://www.cgcm.go.kr
684,왕십리길-간판이 아름다운 길,왕십리역,2541,5호선,7,보도자료,
634,Majang-dong Grilled Beef & Pork,Majang,2542,line 5,Exit 2,5 min. walk,
757,청계천 문화관,마장역,2542,5호선,2번 출구,,http://www.cgcm.go.kr
314,마장동 고기구이 골목,마장,2542,5호선,2번출구,도보5분,
612,Janganpyeong Antique Shops Street,Dapsimni,2543,line 5,Exit 2,1 min. walk,
292,장안평 고미술상가,답십리,2543,5호선,2번출구,도보1분,
770,삼원페이퍼갤러리 ,군자(능동)역(5),2545,5호선,1번출구 5m,,
774,아차산공원,아차산(어린이대공원후문)역,2546,5호선,2번출구,도보 약 20분,
229,아차산성,아차산,2546,5호선,2번출구,등산로,
186,어린이대공원,아차산,2546,5호선,4번출구,도보1분,http://www.childrenpark.or.kr/ 
256,리틀엔젤스 예술회관,아차산,2546,5호선,4번출구,도보5분,
576,Little Angels Performing Arts Center,Achasan,2546,line 5,Exit 4,5 min. walk,
549,Achasanseong Fortress,Achasan,2546,line 5,Exit 2,around,
506,Children's Grand Park,Achasan,2546,line 5,Exit 4,1 min. walk,
773,신성종합시장,아차산(어린이대공원후문)역,2546,5호선,1,,
167,워커힐미술관,광나루,2547,5호선,1번출구,셔틀버스,
257,워커힐호텔 가야금홀,광나루,2547,5호선,1번출구,셔틀버스,
577,Kayakeum Hall in Walker Hill Hotel,Gwangnaru,2547,line 5,Exit 1,shuttle bus,
486,Walker Hill Art Galleries,Gwangnaru,2547,line 5,Exit 1,shuttle bus,
772,악스코리아(AX-KOREA),광나루역,2547,5호선,2번출구,셔틀버스는 운영안함,
536,Hangang River Citizen's Parks,Cheonho,2548,line 5,Exit 1,5~10 min. walk,
215,한강 시민공원,천호,2548,5호선,1번출구,도보10~15분,http://hangang.seoul.go.kr/
2,풍납토성,천호,2548,5호선,10번출구,도보5분,
321,Pungnaptoseong Mud Rampart,Cheonho,2548,line 5,Exit 10,5 min. walk,
694,길동자연생태공원,길동,2550,5호선,2번출구,도보 15분거리,
748,올림픽 벨로드롬,올림픽공원(한국체대)역,2556,5호선,3,도보10분  630m,
749,몽촌토성,올림픽공원(한국체대)역,2556,5호선,3,도보15분  1km,
746,올림픽 펜싱경기장,올림픽공원(한국체대)역,2556,5호선,3,도보6분  350m,
745,올림픽홀,올림픽공원(한국체대)역,2556,5호선,3,도보5분  300m,
743,올림픽 체조경기장,올림픽공원(한국체대)역,2556,5호선,3,도보6분  400m,
742,우리금융아트홀,올림픽공원(한국체대)역,2556,5호선,3,도보8분  470m,
744,올림픽 수영장,올림픽공원(한국체대)역,2556,5호선,3,도보10분  600m,
588,Olympic Stadium,Olympic Park,2556,line 5,Exit 3,3 min. walk,
747,올림픽 테니스경기장,올림픽공원(한국체대)역,2556,5호선,3,도보4분  200m,
500,Olympic Park,Olympic Park,2556,line 5,Exit 3,1 min. walk,
710,소마미술관,올림픽공원역,2556,5호선,3번출구,,http://www.somamuseum.org/
108,몽촌 백제역사관,올림픽공원,2556,5호선,3번출구,도보10분,
181,올림픽공원,올림픽공원,2556,5호선,3번출구,,
426,Historical Museum of Mongchontoseong Fortress,Olympic Park,2556,line 5,Exit 3,10 min. walk,
29,방이 백제고분군,방이,2557,5호선,3번출구,도보10분,
347,Baekje Tombs of Bangi-dong,Bangi,2557,line 5,Exit 3,10 min. walk,
677,거여공원,거여역,2560,5호선,1번출구,도보 5분 거리,
678,한국 오카리나 박물관,거여역,2560,5호선,2번출구,도보 3분 거리,
690,남한산성,마천,2561,5호선,1번출구,,
624,Eungam-dong Potato Soup,Saejeol,2611,line 6,Exit 2,10 min. walk,
695,은평문화예술회관,역촌,2612,6호선,3,도보6분,
326,Monument to King Injo's Former Residence,Gusan,2616,line 6,Exit 2,5 min. walk,
325,Seooreung Royal Tombs,Gusan,2616,line 6,Exit 1,Red bus #9701 #9705,
8,인조별서유기비,구산,2616,6호선,2번출구,도보5분,
7,서오릉,구산역,2616,6호선,1번출구,,http://goyang.cha.go.kr/
304,응암동 감자탕 골목,새절,2617,6호선,2번출구,도보10분,
696,한국영상자료원,수색역,2619,6호선,2번출구,도보10분,
697,환희의 광장,수색,2619,6호선,2,도보 10분,
720,하늘공원노을공원 평화공원 월드컵공원,월드컵경기장(성산)역,2620,6호선,1,,
723,마포농수산물시장,월드컵경기장(성산)역,2620,6호선,1,,
589,Seoul World Cup Stadium,World Cup Stadium,2620,line 6,Exit 1,1 min. walk,
269,월드컵경기장,월드컵경기장,2620,6호선,1번출구,도보1분,http://www.seoulworldcupst.or.kr/　
721,매봉산,월드컵경기장(성산)역,2620,6호선,3,,
754,한강시민공원 망원지구 수영장,망원역,2622,6호선,1,마을버스 9번 이용 10분소요,
693,월드컵시장,망원역,2622,6호선,2번출구,도보7분,
692,망원시장,망원역,2622,6호선,2번출구,도보5분,
691,한강시민공원,망원역,2622,6호선,1번출구,마을버스 9번이용,
753,망원정,망원역,2622,6호선,2,2번출구 1km지점 강변북로 근처에 소재,
388,Jeoldusan Martyrs' Shrine,Hapjeong,2623,line 6,Exit 7,10 min. walk,
9,서울외국인묘지공원,합정,2623,6호선,7번출구,도보5분,
70,절두산 순교기념관,합정,2623,6호선,7번출구,도보10분,
327,Seoul Foreigner' Cemetery Park,Hapjeong,2623,line 6,Exit 7,5 min. walk,
638,백범기념관,효창공원앞,2628,6호선,1번출구,도보8분,
510,Hyochang Park,Hyochang Park,2628,line 6,Exit 1,5 min. walk,
190,효창공원,효창공원,2628,6호선,1번출구,도보5분,
116,한국통신박물관,삼각지,2629,6호선,3번출구,도보5분,
118,전쟁기념관,삼각지,2629,6호선,12번출구,도보3분,
390,Danggogae Catholic Martyrs' Historical Site,Samgakji,2629,line 6,Exit 6,15 min. walk,
436,War Memorial,Samgakji,2629,line 6,Exit 12,3 min. walk,
434,Korea Telecom Museum,Samgakji,2629,line 6,Exit 3,5 min. walk,
686,삼각지 화랑거리,삼각지역,2629,6호선,14번출구,도보2분,
685,삼각지대구탕골목,삼각지역,2629,6호선,14,도보2분,
93,이태원 관광특구,녹사평,2630,6호선,3번출구,역주변,
411,Itaewon Special Tourism Zone,Noksapyeong,2630,line 6,Exit 3,around,
94,이태원 관광특구,이태원,2631,6호선,1번출구,역주변,
412,Itaewon Special Tourism Zone,Itaewon,2631,line 6,Exit 1,around,
669,외국인전문 쇼핑패션 상가,이태원역,2631,6호선,4번출구,도보 5분,
670,고(엔틱)가구거리,이태원역,2631,6호선,4번출구,도보 5분,
671,외국음식점 먹자골목,이태원역,2631,6호선,2번출구,도보 2분,
672,한국 이슬람중앙성원,이태원역,2631,6호선,3번출구,도보 15분,
674,리움미술관,한강진역,2632,6호선,1번출구,도보 10분,
676,남산(N서울타워),한강진역,2632,6호선,2번출구,03번 버스이용,
675,남산야외식물원,한강진역,2632,6호선,1 2번출구,1번출구-도보15분 2번출구-0014번버스이용,
673,이태원관광특구,한강진역,2632,6호선,1번출구,도보 5분,
281,황학동 만물시장,신당,2636,6호선,12번출구,도보10분,
305,신당동떡복이골목,신당,2636,6호선,8번출구,도보5분,
625,Sindang-dong Stir-Fried Rice Cake,Sindang,2636,line 6,Exit 8,5 min. walk,
601,Hwanghak-dong Flea Market,Sindang,2636,line 6,Exit 12,10 min. walk,
11,서울동묘,동묘앞,2637,6호선,3번출구,도보5분,
329,Seoul Dongmyo Shrine,Dongmyo,2637,line 6,Exit 3,5 min. walk,
680,청계천(다산교),동묘앞역,2637,6호선,56번출구,,
679,청계천(맑은내다리),동묘앞역,2637,6호선,6번출구,,
681,청계천(영도교),동묘앞역,2637,6호선,5번출구,,
716,불교박물관,창신역,2638,6호선,1번,안양암내,
714,청룡사,창신역,2638,6호선,3번출구,도보3분,
713,낙산공원,창신역,2638,6호선,3번출구,,
715,안양암,창신역,2638,6호선,1번출구,도보15분,
741,낙산공원,창신역,2638,6호선,4번,순환버스3번,
74,보문사,보문,2639,6호선,1번출구,도보5분,
392,Bomunsa Temple,Bomun,2639,line 6,Exit 1,5 min. walk,
655,참살이길,안암,2640,6호선,3,10M,
780,개운산둘레길,안암(고대병원앞)역,2640,6호선,1번출구,,
654,개운사,안암,2640,6호선,2,320M,
756,국립산림과학원(홍릉수목원),고려대(종암)역,2641,6호선,3번출구,도보10분,http://www.kfri.go.kr/main.do
438,King Sejong the Great Memorial Hall,Korea Univ.,2641,line 6,Exit 3,10 min. walk,
511,Hongneung Arboretum,Korea Univ.,2641,line 6,Exit 3,10 min. walk,
120,세종대왕기념관,고려대,2641,6호선,3번출구,도보10분,
330,Younghwiwon Tombs & Shrine,Korea Univ.,2641,line 6,Exit 3,15 min. walk,
12,영휘원,고려대,2641,6호선,3번출구,도보15분,
776,의릉,상월곡(한국과학기술연구원)역,2643,6호선,2,20대 왕 경종과 그의 계비 선의왕후의 능,http://eureung.cha.go.kr/
775,천장산 둘레길,상월곡(한국과학기술연구원)역,2643,6호선,4번,,
726,장위시장,돌곶이역,2644,6호선,1번 출구,,
725,북서울꿈의숲,돌곶이역,2644,6호선,3번 출구,,http://dreamforest.seoul.go.kr/
724,의릉,돌곶이역,2644,6호선,78번 출구,,http://eureung.cha.go.kr/
192,이스턴캐슬(구 푸른동산),태릉입구역(67),2646,67호선,7번출구,1155 1156번(초록버스),
668,태릉선수촌,태릉입구역(67),2646,67호선,7번출구,버스환승(10분),
667,불암산,태릉입구역(67),2646,67호선,7번출구,버스환승(15분),
666,육군사관학교박물관,태릉입구(67),2646,태릉입구역(67),7번출구,버스환승(10분),
665,낙엽거리(화랑로),태릉입구역(67),2646,태릉입구역(67),7번출구,버스환승(10분)도보(20분),
664,태강릉,태릉입구역,2646,태릉입구역(67) ,7번출구,버스환승(10분),
645,Pureundongsan Green Hill,Taereung,2646,Line 6,Exit 7,Green bus #1155 #1156,
331,Taegangneung Royal Tombs,Hwarangdae,2647,line 6,Exit 1,Blue bus #108,
13,태강릉,화랑대,2647,6호선,1번출구,108번(파랑버스),
121,육군박물관,화랑대,2647,6호선,1번출구,108번(파랑버스)1225번(초록버스),http://museum.kma.ac.kr/　
439,Army Museum,Hwarangdae,2647,line 6,Exit 1,Blue bus #108 Green bus #1225,
226,봉화산,봉화산,2648,6호선,5번출구,등산로,
546,Mt. Bonghwasan,Bonghwasan,2648,line 6,Exit 5,around,
223,도봉산,도봉산,2712,7호선,2번출구,등산로,
543,Mt. Dobongsan,Dobongsan,2712,line 7,Exit 2,,
737,서울창포원,도봉산역,2712,7호선,2번출구,,
545,Mt. Suraksan,Suraksan,2713,line 7,Exit 1 ,around,
225,수락산,수락산,2713,7호선,1번출구,등산로,
781,수락산디자인거리,수락산역,2713,7호선,3번출입구 50m거리,,http://www.수락산디자인거리.kr
736,천상병공원,수락산역,2713,7호선,3,"귀천""의 시인 천상병공원 2009년 개장 노원골 입구에 위치""",
512,Pureundongsan Green Hill,Taereung,2719,line 7,Exit 7,Green bus #1155 #1156,
547,Mt. Yongmasan Park,Yongmasan,2725,line 7,Exit 2,10 min. walk,
227,용마폭포공원,용마산,2725,7호선,2번출구,도보10분,
505,Children's Grand Park,Children's Grand Park,2728,line 7,Exit 1,1 min. walk,
185,어린이대공원,어린이대공원,2728,7호선,1번출구,도보1분,http://www.childrenpark.or.kr/ 
507,Ttukseom Riverside Park,Ttukseom Resort,2730,line 7,Exit 2,5 min. walk,
531,Hangang River Ferry Wharves,Ttukseom Resort,2730,line 7,Exit 3,5~15 min. walk,
534,Hangang River Citizen's Parks,Ttukseom Resort,2730,line 7,Exit 2,5~10 min. walk,
212,한강 유람선 선착장,뚝섬유원지,2730,7호선,3번출구,도보5~15분,
187,뚝섬유원지,뚝섬유원지,2730,7호선,2번출구,도보5분,
216,한강 시민공원,뚝섬유원지,2730,7호선,2번출구,도보10~15분,
729,청담공원,청담역,2731,7호선,12,,
68,봉은사,청담,2731,7호선,2번출구,도보10분,
409,Apgujeong Cheongdam-dong Romantic Boulevard,Cheongdam,2731,line 7,Exit 9,Blue bus #301,
386,Bongeunsa Temple,Cheongdam,2731,line 7 ,Exit 2,10 min. walk,
91,압구정·청담동 낭만의 거리,청담,2731,7호선,9번출구,301번(파랑버스),
431,Training Center for Intangible Cultural Properties,Gangnam-gu Office,2732,line 7,Exit 1,10 min. walk,
113,서울 무형문화재 전수회관,강남구청,2732,7호선,1번출구,도보10분,
727,삼릉공원,강남구청역,2732,7호선,1,선릉(宣陵) 또는 선정릉(宣靖陵)이 있는 공원으로 능이 3개 있어서 삼릉공원이라고 한다.,
728,도산공원,강남구청역,2732,7호선,3,도산 안창호 기념관 및 동상 등이 조성된 공원입니다.,
115,한국자수박물관,학동,2733,7호선,10번출구,도보5분,
777,학동공원,학동역,2733,7호선,7,,
433,Museum of Korean Embroidery,Hak-dong ,2733,line 7,Exit 10,5 min. walk,
647,Kyobo Book Centre,Nonhyeon,2734,Line 7,Exit 3,10 min. walk,
642,교보문고,논현,2734,7호선,3번출구,도보10분,http://www.kyobobook.co.kr/ 
767,뉴코아아울렛(킴스클럽),반포역,2735,7호선,지하상가14번출구,B1층 대합실 연결통로 이용,
768,한강시민공원 반포지구,반포역,2735,7호선,6번출구 ,6번출구 401번버스 환승 후 반포대교남단 하차,
769,강남지하상가 ,반포역,2735,7호선,B1층 연결통로 이용,,
766,세빛둥둥섬 전망공원,반포역,2735,7호선,6,401번 버스 환승 후 반포대교 남단 정차,
648,Young Poong Book Store,Express Bus Terminal,2736,Line 7,,interconnected,
279,센트럴 시티,고속터미널,2736,7호선,―,연결통로,http://www.centralcityseoul.co.kr/ 
599,Central City,Express Bus Terminal,2736,line 7,,interconnected,
643,영풍문고,고속터미널,2736,7호선,-,연결통로,http://www.ypbooks.co.kr/ 
699,청권사,내방,2737,7호선,2번출구,도보10분,
751,사계절 스케이트장,이수역,2738,7호선,6번출구,,
752,서초 토요 벼룩시장,이수역,2738,7호선,6번출구,,
649,한국기독교박물관,숭실대입구,2740,7호선,3번출구,도보5분,
508,Boramae Park,Boramae,2744,line 7,Exit 2,10 min. walk,
188,보라매공원,보라매,2744,7호선,2번출구,도보10분,http://parks.seoul.go.kr/boramae/ 
